timestamp,open,high,low,close,volume
2025-05-01 00:00:00,94172.0,94347.83,94130.43,94269.04,120.12412
2025-05-01 00:15:00,94269.03,94333.34,94186.79,94290.15,68.80927
2025-05-01 00:30:00,94290.16,94300.0,94217.39,94287.13,48.86758
2025-05-01 00:45:00,94287.12,94405.47,94287.12,94405.47,88.44703
2025-05-01 01:00:00,94405.46,94599.99,94398.51,94532.51,109.86491
2025-05-01 01:15:00,94532.51,94700.0,94521.2,94633.37,170.60487
2025-05-01 01:30:00,94633.37,94710.0,94485.97,94710.0,137.63025
2025-05-01 01:45:00,94709.99,94709.99,94576.05,94636.51,84.0263
2025-05-01 02:00:00,94636.5,94826.04,94620.0,94701.0,138.77031
2025-05-01 02:15:00,94701.0,94950.0,94701.0,94928.33,213.91399
2025-05-01 02:30:00,94928.33,94972.5,94827.69,94898.4,184.09708
2025-05-01 02:45:00,94898.4,94920.99,94755.76,94867.46,354.6444
2025-05-01 03:00:00,94867.46,95040.3,94705.79,94718.22,577.58872
2025-05-01 03:15:00,94718.22,94815.14,94688.75,94815.13,74.42732
2025-05-01 03:30:00,94815.13,94935.15,94720.0,94849.32,429.09118
2025-05-01 03:45:00,94849.32,94849.33,94719.99,94782.6,76.53047
2025-05-01 04:00:00,94782.6,94891.07,94750.18,94831.01,60.58342
2025-05-01 04:15:00,94831.0,94849.63,94732.81,94740.01,55.69582
2025-05-01 04:30:00,94740.01,94819.83,94714.38,94816.02,81.89538
2025-05-01 04:45:00,94816.02,94934.99,94816.01,94860.51,60.81785
2025-05-01 05:00:00,94860.51,94967.0,94840.38,94966.99,116.2682
2025-05-01 05:15:00,94967.0,94980.0,94869.56,94905.37,78.62186
2025-05-01 05:30:00,94905.38,95150.0,94860.67,95114.46,276.32544
2025-05-01 05:45:00,95114.47,95178.11,95048.0,95147.96,205.83593
2025-05-01 06:00:00,95147.97,95180.0,95034.11,95069.21,146.59198
2025-05-01 06:15:00,95069.21,95107.24,95000.0,95012.75,116.40562
2025-05-01 06:30:00,95012.74,95025.39,94840.0,94873.66,136.16593
2025-05-01 06:45:00,94873.67,94908.9,94806.23,94888.85,68.25138
2025-05-01 07:00:00,94888.85,94982.66,94800.0,94982.65,70.16051
2025-05-01 07:15:00,94982.65,95016.72,94936.72,94988.21,66.74315
2025-05-01 07:30:00,94988.2,95049.06,94976.0,95042.51,114.5612
2025-05-01 07:45:00,95042.5,95130.01,95004.0,95025.84,225.42518
2025-05-01 08:00:00,95025.84,95086.64,94913.04,95017.31,79.89716
2025-05-01 08:15:00,95017.31,95151.17,95017.31,95149.99,146.44023
2025-05-01 08:30:00,95150.0,95155.0,95080.0,95095.87,81.38834
2025-05-01 08:45:00,95095.88,95210.16,95095.87,95210.16,115.83889
2025-05-01 09:00:00,95210.16,95215.28,95140.18,95175.99,53.00178
2025-05-01 09:15:00,95175.99,95349.89,95175.99,95339.5,204.06791
2025-05-01 09:30:00,95339.5,95499.0,95298.77,95426.79,332.03227
2025-05-01 09:45:00,95426.79,95817.78,95426.79,95520.99,570.74493
2025-05-01 10:00:00,95520.99,95745.0,95520.98,95732.59,218.65525
2025-05-01 10:15:00,95732.58,96396.31,95732.58,96318.77,1019.90932
2025-05-01 10:30:00,96318.76,96391.31,96074.36,96139.98,356.33225
2025-05-01 10:45:00,96139.98,96191.07,95896.79,96169.01,270.90028
2025-05-01 11:00:00,96169.01,96250.4,96071.18,96162.99,261.07175
2025-05-01 11:15:00,96162.99,96191.41,95836.57,95927.49,203.10822
2025-05-01 11:30:00,95927.5,96156.32,95922.5,96101.99,161.4578
2025-05-01 11:45:00,96101.99,96239.08,96101.99,96180.01,162.2395
2025-05-01 12:00:00,96180.01,96334.02,96126.6,96265.62,224.57885
2025-05-01 12:15:00,96265.63,96407.32,96160.0,96197.61,218.52566
2025-05-01 12:30:00,96197.6,96463.18,96116.14,96423.61,240.861
2025-05-01 12:45:00,96423.62,96434.79,96251.99,96373.2,138.20749
2025-05-01 13:00:00,96373.2,96509.65,96304.34,96509.65,182.20841
2025-05-01 13:15:00,96509.65,96734.89,96456.57,96642.0,365.9478
2025-05-01 13:30:00,96642.01,96650.93,95925.23,96163.07,639.50003
2025-05-01 13:45:00,96163.08,96256.0,95769.66,95809.52,552.83686
2025-05-01 14:00:00,95809.52,96240.47,95809.52,96224.0,854.30689
2025-05-01 14:15:00,96223.99,96459.04,96223.99,96404.01,775.11036
2025-05-01 14:30:00,96404.01,96689.7,96173.91,96368.0,695.40054
2025-05-01 14:45:00,96368.0,96908.28,96328.86,96827.99,443.06044
2025-05-01 15:00:00,96828.0,97421.0,96751.3,97384.98,1004.97438
2025-05-01 15:15:00,97384.97,97424.02,96971.23,97126.0,547.7603
2025-05-01 15:30:00,97125.99,97198.68,96940.72,97010.46,260.24542
2025-05-01 15:45:00,97010.47,97068.0,96851.67,96854.3,255.96772
2025-05-01 16:00:00,96854.31,97150.0,96854.3,97087.3,237.19944
2025-05-01 16:15:00,97087.3,97214.29,96880.24,97209.54,209.85507
2025-05-01 16:30:00,97209.54,97367.26,97166.19,97336.0,252.11466
2025-05-01 16:45:00,97335.99,97357.38,96980.3,97007.14,261.10891
2025-05-01 17:00:00,97007.15,97178.03,96969.29,97102.5,183.67771
2025-05-01 17:15:00,97102.5,97216.99,96833.33,96873.46,230.26825
2025-05-01 17:30:00,96873.45,97003.24,96514.24,96577.99,221.97608
2025-05-01 17:45:00,96577.99,96806.22,96541.37,96794.17,139.93395
2025-05-01 18:00:00,96794.18,96860.07,96602.6,96602.6,184.78484
2025-05-01 18:15:00,96602.6,96650.01,96484.12,96484.12,214.97231
2025-05-01 18:30:00,96484.12,96762.57,96425.22,96762.57,156.83778
2025-05-01 18:45:00,96762.57,96975.3,96762.56,96869.55,189.19429
2025-05-01 19:00:00,96869.56,96882.72,96480.0,96495.49,178.5574
2025-05-01 19:15:00,96495.49,96622.65,96424.44,96467.32,182.7389
2025-05-01 19:30:00,96467.33,96699.07,96450.26,96513.16,115.23326
2025-05-01 19:45:00,96513.15,96656.66,96461.98,96523.26,242.34957
2025-05-01 20:00:00,96523.26,96724.0,96312.24,96724.0,345.07769
2025-05-01 20:15:00,96724.0,96885.77,96707.54,96707.55,202.37487
2025-05-01 20:30:00,96707.55,96772.0,96520.38,96580.0,157.39221
2025-05-01 20:45:00,96580.01,96611.12,96340.9,96407.9,113.55145
2025-05-01 21:00:00,96407.91,96706.35,96390.26,96697.0,77.12142
2025-05-01 21:15:00,96697.0,96707.55,96567.94,96578.15,53.73088
2025-05-01 21:30:00,96578.14,96774.73,96490.29,96774.72,82.63605
2025-05-01 21:45:00,96774.72,96774.73,96464.55,96464.55,78.8603
2025-05-01 22:00:00,96464.56,96609.23,96416.0,96609.23,88.78303
2025-05-01 22:15:00,96609.22,96643.08,96549.91,96598.67,51.65557
2025-05-01 22:30:00,96598.67,96598.67,96375.61,96456.0,114.4363
2025-05-01 22:45:00,96456.0,96457.3,96369.31,96372.33,50.02668
2025-05-01 23:00:00,96372.34,96411.32,96200.0,96303.11,120.80369
2025-05-01 23:15:00,96303.11,96470.48,96293.65,96400.86,58.64572
2025-05-01 23:30:00,96400.86,96400.86,96184.19,96301.9,135.24848
2025-05-01 23:45:00,96301.89,96500.0,96300.0,96489.91,54.94199
2025-05-02 00:00:00,96489.9,96674.61,96466.21,96619.04,232.34516
2025-05-02 00:15:00,96619.05,96869.34,96559.1,96843.92,189.33809
2025-05-02 00:30:00,96843.91,97052.48,96744.74,96820.76,155.82791
2025-05-02 00:45:00,96820.75,97042.97,96792.45,97042.97,105.61881
2025-05-02 01:00:00,97042.96,97179.97,96970.56,97003.64,188.69143
2025-05-02 01:15:00,97003.65,97150.8,96950.0,97000.0,121.32964
2025-05-02 01:30:00,97000.0,97000.01,96772.0,96833.34,136.72698
2025-05-02 01:45:00,96833.34,97018.53,96786.04,96970.4,120.15743
2025-05-02 02:00:00,96970.4,96970.41,96722.41,96783.57,127.96914
2025-05-02 02:15:00,96783.58,97020.0,96752.5,97004.15,98.1972
2025-05-02 02:30:00,97004.15,97040.0,96904.88,96942.9,182.49158
2025-05-02 02:45:00,96942.89,97023.81,96942.89,96952.58,40.91523
2025-05-02 03:00:00,96952.59,97199.04,96952.58,97188.68,116.23173
2025-05-02 03:15:00,97188.67,97188.68,96999.99,97047.16,87.71244
2025-05-02 03:30:00,97047.17,97214.29,97047.16,97188.0,136.71733
2025-05-02 03:45:00,97188.0,97233.1,97102.31,97102.32,93.91108
2025-05-02 04:00:00,97102.32,97309.78,97087.3,97132.07,327.45805
2025-05-02 04:15:00,97132.08,97209.91,97101.63,97108.0,56.20739
2025-05-02 04:30:00,97107.99,97108.0,96928.47,96928.48,112.91161
2025-05-02 04:45:00,96928.47,97000.0,96868.35,96939.86,82.43398
2025-05-02 05:00:00,96939.85,97010.55,96867.83,96952.4,62.52968
2025-05-02 05:15:00,96952.39,96952.4,96793.54,96833.33,154.6323
2025-05-02 05:30:00,96833.34,96876.04,96794.0,96810.57,70.55269
2025-05-02 05:45:00,96810.57,96877.49,96631.74,96707.54,246.96652
2025-05-02 06:00:00,96707.54,96756.61,96604.16,96710.1,88.71003
2025-05-02 06:15:00,96710.11,96833.34,96623.22,96820.75,85.36672
2025-05-02 06:30:00,96820.75,96892.34,96629.6,96636.71,132.00559
2025-05-02 06:45:00,96636.71,96722.27,96562.98,96715.0,77.83937
2025-05-02 07:00:00,96715.0,96729.2,96450.0,96540.01,225.63557
2025-05-02 07:15:00,96540.0,96723.55,96455.75,96618.03,185.21475
2025-05-02 07:30:00,96618.02,96650.95,96350.08,96509.44,296.91429
2025-05-02 07:45:00,96509.43,96537.74,96350.0,96350.0,227.51202
2025-05-02 08:00:00,96350.01,96579.37,96350.0,96567.54,132.92033
2025-05-02 08:15:00,96567.54,96665.98,96540.19,96626.05,101.65672
2025-05-02 08:30:00,96626.05,96775.77,96477.51,96716.74,192.47775
2025-05-02 08:45:00,96716.75,96753.2,96611.11,96636.2,81.05636
2025-05-02 09:00:00,96636.2,96788.0,96460.73,96783.01,159.75733
2025-05-02 09:15:00,96783.01,96783.02,96621.74,96710.5,118.38624
2025-05-02 09:30:00,96710.51,96747.1,96589.98,96594.54,84.06947
2025-05-02 09:45:00,96594.54,96711.75,96594.53,96596.68,54.79974
2025-05-02 10:00:00,96596.68,96792.46,96596.68,96761.61,80.10018
2025-05-02 10:15:00,96761.6,96896.83,96761.6,96865.07,90.51402
2025-05-02 10:30:00,96865.08,96896.83,96803.32,96889.01,114.47923
2025-05-02 10:45:00,96889.02,96927.92,96810.0,96888.0,82.30043
2025-05-02 11:00:00,96888.0,97018.87,96888.0,97000.01,157.21682
2025-05-02 11:15:00,97000.0,97100.0,96915.02,96943.99,180.18655
2025-05-02 11:30:00,96943.99,96977.08,96887.91,96954.74,139.07074
2025-05-02 11:45:00,96954.74,97011.86,96886.47,96928.97,91.27889
2025-05-02 12:00:00,96928.97,96947.76,96790.01,96792.46,99.75193
2025-05-02 12:15:00,96792.45,96932.7,96766.02,96790.48,118.99555
2025-05-02 12:30:00,96790.49,97139.12,96650.94,96978.02,482.44167
2025-05-02 12:45:00,96978.02,97182.54,96961.45,97182.53,192.21491
2025-05-02 13:00:00,97182.54,97290.29,96769.84,96769.85,455.67859
2025-05-02 13:15:00,96769.85,96962.27,96768.69,96962.27,123.16433
2025-05-02 13:30:00,96962.27,97050.76,96672.46,96933.97,297.42468
2025-05-02 13:45:00,96933.97,97000.0,96709.7,96772.08,198.93672
2025-05-02 14:00:00,96772.08,97227.77,96708.98,96836.76,393.38196
2025-05-02 14:15:00,96836.76,97188.68,96804.99,97162.7,269.74272
2025-05-02 14:30:00,97162.69,97679.48,97135.86,97375.64,865.06266
2025-05-02 14:45:00,97375.64,97895.68,97369.84,97748.4,595.46326
2025-05-02 15:00:00,97748.41,97891.19,97527.87,97557.81,287.51553
2025-05-02 15:15:00,97557.8,97685.0,97063.0,97159.29,338.09871
2025-05-02 15:30:00,97159.29,97500.0,97092.9,97429.51,197.33118
2025-05-02 15:45:00,97429.51,97480.0,97300.0,97330.19,131.97733
2025-05-02 16:00:00,97330.19,97750.0,97330.18,97613.2,404.96863
2025-05-02 16:15:00,97613.2,97783.02,97550.0,97613.2,141.38277
2025-05-02 16:30:00,97613.21,97714.29,97520.48,97673.4,158.49364
2025-05-02 16:45:00,97673.4,97673.4,97325.51,97348.69,144.13447
2025-05-02 17:00:00,97348.69,97374.19,97053.46,97130.51,227.72034
2025-05-02 17:15:00,97130.52,97341.27,97108.32,97302.6,107.70828
2025-05-02 17:30:00,97302.6,97433.58,97245.3,97254.06,93.73555
2025-05-02 17:45:00,97254.07,97428.58,97214.28,97402.55,78.44083
2025-05-02 18:00:00,97402.55,97551.74,97365.44,97523.99,105.9129
2025-05-02 18:15:00,97524.0,97551.65,97428.45,97432.73,68.38486
2025-05-02 18:30:00,97432.73,97619.0,97414.13,97556.61,95.26419
2025-05-02 18:45:00,97556.6,97575.15,97155.68,97171.0,107.11976
2025-05-02 19:00:00,97171.0,97171.01,97014.5,97047.23,201.21362
2025-05-02 19:15:00,97047.23,97182.54,97008.28,97164.88,93.94253
2025-05-02 19:30:00,97164.88,97164.88,96809.67,96896.83,123.26155
2025-05-02 19:45:00,96896.82,97023.81,96769.84,96924.23,181.02383
2025-05-02 20:00:00,96924.23,97059.99,96844.05,97029.99,91.791
2025-05-02 20:15:00,97029.99,97029.99,96914.13,96996.66,47.85982
2025-05-02 20:30:00,96996.65,97136.0,96973.29,97059.4,58.52079
2025-05-02 20:45:00,97059.41,97102.86,96990.56,97022.31,45.33704
2025-05-02 21:00:00,97022.31,97038.79,96992.06,97038.78,31.52737
2025-05-02 21:15:00,97038.79,97038.79,96932.04,96932.95,32.09069
2025-05-02 21:30:00,96932.94,96944.58,96800.0,96830.49,58.91057
2025-05-02 21:45:00,96830.49,96830.5,96561.57,96726.08,136.34233
2025-05-02 22:00:00,96726.07,96792.46,96620.0,96637.81,140.28249
2025-05-02 22:15:00,96637.82,96720.0,96579.36,96688.73,66.2852
2025-05-02 22:30:00,96688.73,96776.81,96589.42,96614.58,90.64451
2025-05-02 22:45:00,96614.59,96693.03,96607.83,96649.01,54.94436
2025-05-02 23:00:00,96649.01,96735.85,96594.33,96715.65,67.51006
2025-05-02 23:15:00,96715.64,96792.46,96668.0,96692.68,83.35881
2025-05-02 23:30:00,96692.68,96818.69,96692.67,96804.32,53.56361
2025-05-02 23:45:00,96804.32,96896.83,96801.58,96887.14,39.54744
2025-05-03 00:00:00,96887.13,96935.67,96806.18,96806.19,193.78458
2025-05-03 00:15:00,96806.19,96860.0,96743.35,96744.77,86.25058
2025-05-03 00:30:00,96744.77,96787.92,96669.53,96669.54,49.85192
2025-05-03 00:45:00,96669.53,96700.46,96612.87,96700.45,229.24917
2025-05-03 01:00:00,96700.46,96722.4,96564.09,96570.28,117.80605
2025-05-03 01:15:00,96570.28,96612.9,96502.15,96580.02,192.40616
2025-05-03 01:30:00,96580.01,96580.02,96446.93,96476.0,102.0152
2025-05-03 01:45:00,96475.99,96495.67,96435.16,96493.94,50.1748
2025-05-03 02:00:00,96493.93,96654.81,96487.07,96623.17,74.82713
2025-05-03 02:15:00,96623.17,96664.65,96600.35,96664.64,35.34335
2025-05-03 02:30:00,96664.64,96699.98,96568.0,96568.01,39.51319
2025-05-03 02:45:00,96568.01,96570.88,96517.4,96533.51,125.88686
2025-05-03 03:00:00,96533.5,96535.96,96488.99,96488.99,87.15917
2025-05-03 03:15:00,96489.0,96489.0,96373.62,96404.57,346.20686
2025-05-03 03:30:00,96404.58,96445.42,96300.02,96400.32,186.86131
2025-05-03 03:45:00,96400.32,96509.44,96327.99,96337.5,141.38829
2025-05-03 04:00:00,96337.5,96460.73,96307.88,96460.73,38.84486
2025-05-03 04:15:00,96460.72,96523.8,96407.03,96477.98,130.78127
2025-05-03 04:30:00,96477.99,96589.06,96475.23,96561.66,39.3267
2025-05-03 04:45:00,96561.66,96589.2,96500.62,96519.05,43.73536
2025-05-03 05:00:00,96519.04,96530.0,96415.86,96415.86,40.33064
2025-05-03 05:15:00,96415.86,96546.8,96415.86,96536.31,64.49315
2025-05-03 05:30:00,96536.32,96593.0,96496.99,96588.61,71.50234
2025-05-03 05:45:00,96588.62,96588.62,96407.97,96417.14,130.58596
2025-05-03 06:00:00,96417.15,96417.15,96325.4,96337.81,108.46103
2025-05-03 06:15:00,96337.81,96337.81,96188.03,96196.01,177.12589
2025-05-03 06:30:00,96196.01,96320.0,96196.01,96320.0,114.86701
2025-05-03 06:45:00,96319.99,96320.0,96132.67,96183.5,138.63354
2025-05-03 07:00:00,96183.5,96280.0,96157.41,96246.74,100.64296
2025-05-03 07:15:00,96246.74,96275.3,96157.1,96212.0,78.53547
2025-05-03 07:30:00,96212.01,96384.9,96212.0,96347.05,123.79532
2025-05-03 07:45:00,96347.06,96391.7,96289.4,96322.68,107.21278
2025-05-03 08:00:00,96322.68,96322.69,96150.0,96160.01,171.74188
2025-05-03 08:15:00,96160.01,96353.38,96160.0,96353.38,249.85974
2025-05-03 08:30:00,96353.38,96421.91,96352.88,96362.02,117.63465
2025-05-03 08:45:00,96362.02,96388.82,96281.0,96281.0,60.41925
2025-05-03 09:00:00,96281.0,96335.82,96230.15,96232.97,69.20891
2025-05-03 09:15:00,96232.97,96396.23,96232.96,96325.4,85.91485
2025-05-03 09:30:00,96325.4,96325.4,96255.63,96255.64,52.18425
2025-05-03 09:45:00,96255.64,96357.77,96173.0,96254.01,111.56082
2025-05-03 10:00:00,96254.02,96254.02,96145.0,96150.97,105.2779
2025-05-03 10:15:00,96150.97,96214.2,96150.0,96150.71,106.98088
2025-05-03 10:30:00,96150.71,96219.54,95908.15,95937.62,394.96636
2025-05-03 10:45:00,95937.63,96042.6,95852.29,95896.5,534.0162
2025-05-03 11:00:00,95896.49,95966.55,95865.0,95943.76,162.90159
2025-05-03 11:15:00,95943.76,96032.96,95914.97,96016.84,62.54954
2025-05-03 11:30:00,96016.85,96083.53,95904.41,95942.53,164.91331
2025-05-03 11:45:00,95942.54,95984.96,95878.36,95942.02,172.30756
2025-05-03 12:00:00,95942.01,95968.85,95880.65,95925.74,197.29944
2025-05-03 12:15:00,95925.74,96062.42,95925.73,96044.54,169.73915
2025-05-03 12:30:00,96044.53,96150.19,95996.67,96140.02,120.6261
2025-05-03 12:45:00,96140.01,96163.81,96080.0,96120.42,120.55453
2025-05-03 13:00:00,96120.43,96217.96,96106.53,96190.0,85.50005
2025-05-03 13:15:00,96190.0,96261.41,96190.0,96256.29,77.75438
2025-05-03 13:30:00,96256.29,96319.63,96190.0,96253.19,119.78579
2025-05-03 13:45:00,96253.19,96330.0,96247.22,96330.0,63.95767
2025-05-03 14:00:00,96329.99,96459.67,96294.04,96300.0,164.79638
2025-05-03 14:15:00,96300.01,96420.0,96293.65,96365.98,48.8603
2025-05-03 14:30:00,96365.99,96388.21,96292.63,96383.01,45.32298
2025-05-03 14:45:00,96383.02,96388.89,96315.0,96380.95,45.07546
2025-05-03 15:00:00,96380.96,96509.44,96380.95,96461.57,73.89812
2025-05-03 15:15:00,96461.57,96462.18,96417.54,96424.96,33.27723
2025-05-03 15:30:00,96424.96,96484.13,96420.63,96420.63,40.2205
2025-05-03 15:45:00,96420.63,96442.55,96325.65,96418.68,41.29558
2025-05-03 16:00:00,96418.68,96428.33,96288.83,96288.83,90.4207
2025-05-03 16:15:00,96288.83,96304.98,96201.45,96275.62,73.68537
2025-05-03 16:30:00,96275.63,96275.63,96110.0,96150.94,90.58198
2025-05-03 16:45:00,96150.94,96238.1,96080.59,96215.41,51.86918
2025-05-03 17:00:00,96215.4,96215.4,95952.1,96036.47,115.55397
2025-05-03 17:15:00,96036.47,96123.92,95869.68,96123.91,113.92817
2025-05-03 17:30:00,96123.91,96123.92,95980.0,96071.42,72.66174
2025-05-03 17:45:00,96071.42,96191.57,96071.42,96191.56,48.05385
2025-05-03 18:00:00,96191.57,96211.5,96108.23,96211.49,34.71336
2025-05-03 18:15:00,96211.49,96271.5,96127.77,96178.34,39.94285
2025-05-03 18:30:00,96178.34,96178.34,96100.0,96100.0,23.06013
2025-05-03 18:45:00,96100.01,96177.5,96100.0,96146.99,29.03084
2025-05-03 19:00:00,96146.98,96204.71,96125.15,96204.71,20.439
2025-05-03 19:15:00,96204.71,96268.66,96204.7,96260.47,26.32901
2025-05-03 19:30:00,96260.47,96333.0,96260.46,96281.94,23.39596
2025-05-03 19:45:00,96281.95,96357.15,96281.94,96354.34,46.28005
2025-05-03 20:00:00,96354.34,96388.89,96347.83,96347.84,24.47862
2025-05-03 20:15:00,96347.83,96370.47,96317.72,96359.88,28.07111
2025-05-03 20:30:00,96359.88,96368.5,96290.69,96349.14,22.19815
2025-05-03 20:45:00,96349.15,96369.8,96306.45,96341.29,29.52791
2025-05-03 21:00:00,96341.29,96341.3,96271.97,96281.95,44.81998
2025-05-03 21:15:00,96281.96,96409.67,96281.95,96409.66,55.27812
2025-05-03 21:30:00,96409.67,96441.49,96261.9,96288.0,55.08466
2025-05-03 21:45:00,96288.0,96340.0,96238.09,96266.17,34.86405
2025-05-03 22:00:00,96266.17,96369.37,96206.18,96209.28,125.97142
2025-05-03 22:15:00,96209.28,96249.09,96205.16,96227.36,27.42488
2025-05-03 22:30:00,96227.35,96262.07,96227.35,96262.07,20.80909
2025-05-03 22:45:00,96262.06,96262.07,96166.67,96170.18,27.20752
2025-05-03 23:00:00,96170.19,96173.53,96139.83,96139.83,45.79688
2025-05-03 23:15:00,96139.83,96165.89,95921.88,95927.43,202.09267
2025-05-03 23:30:00,95927.43,96032.24,95753.01,95914.81,341.87567
2025-05-03 23:45:00,95914.81,95966.38,95825.81,95856.42,99.90124
2025-05-04 00:00:00,95856.42,95960.63,95772.4,95960.62,75.09101
2025-05-04 00:15:00,95960.63,96042.92,95912.68,95912.68,60.58853
2025-05-04 00:30:00,95912.69,95951.9,95781.27,95805.49,68.4235
2025-05-04 00:45:00,95805.49,95916.07,95786.33,95880.95,121.53118
2025-05-04 01:00:00,95880.95,95941.28,95813.03,95941.27,62.55072
2025-05-04 01:15:00,95941.28,95976.2,95838.33,95958.85,78.07039
2025-05-04 01:30:00,95958.85,95958.85,95588.0,95690.49,172.64701
2025-05-04 01:45:00,95690.49,96185.67,95607.84,96099.94,287.81549
2025-05-04 02:00:00,96099.94,96285.71,96091.54,96237.43,157.2513
2025-05-04 02:15:00,96237.43,96304.48,96134.92,96193.31,64.36297
2025-05-04 02:30:00,96193.3,96244.0,95813.38,95919.99,130.50345
2025-05-04 02:45:00,95919.99,95972.8,95804.68,95892.28,65.34369
2025-05-04 03:00:00,95892.28,95898.94,95667.94,95753.96,59.00462
2025-05-04 03:15:00,95753.97,95799.08,95680.0,95799.08,37.13714
2025-05-04 03:30:00,95799.08,95887.62,95710.56,95761.91,37.00541
2025-05-04 03:45:00,95761.91,95860.0,95722.22,95722.23,45.97013
2025-05-04 04:00:00,95722.22,95877.02,95722.22,95839.02,32.35285
2025-05-04 04:15:00,95839.02,95939.33,95839.02,95909.14,60.30282
2025-05-04 04:30:00,95909.14,95919.69,95756.01,95761.9,36.10476
2025-05-04 04:45:00,95761.9,95847.49,95725.51,95725.52,43.6141
2025-05-04 05:00:00,95725.52,95952.39,95692.7,95895.2,68.21655
2025-05-04 05:15:00,95895.2,95974.26,95789.98,95939.53,98.31609
2025-05-04 05:30:00,95939.53,95986.83,95904.76,95954.47,88.39989
2025-05-04 05:45:00,95954.48,96134.93,95954.47,96042.72,169.99332
2025-05-04 06:00:00,96042.71,96142.86,95976.85,96029.58,220.88439
2025-05-04 06:15:00,96029.7,96086.26,95934.34,95947.42,182.48478
2025-05-04 06:30:00,95947.42,95966.45,95866.06,95918.66,248.21661
2025-05-04 06:45:00,95918.66,95988.0,95905.74,95905.74,41.14483
2025-05-04 07:00:00,95905.75,96073.07,95870.0,96044.01,94.64883
2025-05-04 07:15:00,96044.01,96082.8,95883.35,95908.18,186.42513
2025-05-04 07:30:00,95908.19,95908.19,95808.8,95833.29,150.59821
2025-05-04 07:45:00,95833.28,95895.47,95819.8,95879.99,58.35491
2025-05-04 08:00:00,95879.99,95923.54,95879.99,95884.04,41.94988
2025-05-04 08:15:00,95884.04,95884.04,95611.06,95672.66,164.7455
2025-05-04 08:30:00,95672.66,95697.38,95423.16,95632.13,261.51481
2025-05-04 08:45:00,95632.13,95696.05,95543.91,95647.27,59.02196
2025-05-04 09:00:00,95647.27,95689.65,95549.08,95650.01,72.83238
2025-05-04 09:15:00,95650.0,95650.01,95454.93,95495.99,113.4944
2025-05-04 09:30:00,95495.98,95586.64,95440.82,95500.0,65.82639
2025-05-04 09:45:00,95500.01,95559.99,95452.58,95485.01,57.92419
2025-05-04 10:00:00,95485.01,95511.99,95400.0,95461.62,83.46358
2025-05-04 10:15:00,95461.62,95466.61,95286.78,95442.48,334.65027
2025-05-04 10:30:00,95442.47,95498.0,95382.79,95486.21,262.44967
2025-05-04 10:45:00,95486.21,95525.67,95385.0,95400.47,92.82809
2025-05-04 11:00:00,95400.47,95521.77,95360.0,95467.41,84.55884
2025-05-04 11:15:00,95467.42,95550.0,95443.58,95466.78,111.46111
2025-05-04 11:30:00,95466.78,95504.86,95422.47,95446.99,251.42888
2025-05-04 11:45:00,95446.99,95472.29,95376.85,95423.2,88.81225
2025-05-04 12:00:00,95423.19,95505.51,95417.15,95505.51,55.24823
2025-05-04 12:15:00,95505.51,95586.05,95429.6,95451.75,144.75688
2025-05-04 12:30:00,95451.76,95536.57,95441.14,95530.98,96.80432
2025-05-04 12:45:00,95530.99,95594.58,95462.23,95462.24,181.08855
2025-05-04 13:00:00,95462.24,95595.24,95450.03,95450.03,183.38571
2025-05-04 13:15:00,95450.04,95450.04,95309.63,95432.0,174.22748
2025-05-04 13:30:00,95432.0,95440.0,95245.7,95245.71,153.18367
2025-05-04 13:45:00,95245.7,95398.94,95209.07,95369.37,163.63249
2025-05-04 14:00:00,95369.38,95514.26,95313.7,95473.99,135.2474
2025-05-04 14:15:00,95473.99,95574.09,95472.21,95562.66,143.718
2025-05-04 14:30:00,95562.66,95606.48,95505.94,95541.53,167.95923
2025-05-04 14:45:00,95541.54,95647.8,95535.62,95611.07,83.38245
2025-05-04 15:00:00,95611.0,95690.48,95605.23,95657.43,104.4343
2025-05-04 15:15:00,95657.43,95657.44,95532.25,95598.54,93.69508
2025-05-04 15:30:00,95598.53,95598.54,95460.4,95460.41,49.8842
2025-05-04 15:45:00,95460.4,95500.0,95424.5,95467.6,51.3008
2025-05-04 16:00:00,95467.6,95537.56,95400.0,95445.61,67.62291
2025-05-04 16:15:00,95445.61,95568.0,95376.0,95501.22,86.85014
2025-05-04 16:30:00,95501.22,95509.98,95307.44,95330.83,65.75066
2025-05-04 16:45:00,95330.83,95395.16,95300.0,95341.56,52.23346
2025-05-04 17:00:00,95341.57,95481.62,95341.56,95455.84,63.96894
2025-05-04 17:15:00,95455.84,95455.84,95303.0,95339.99,42.88714
2025-05-04 17:30:00,95339.98,95403.99,95239.33,95397.61,68.53571
2025-05-04 17:45:00,95397.61,95477.6,95397.6,95410.08,57.91914
2025-05-04 18:00:00,95410.08,95483.41,95364.0,95364.7,31.78168
2025-05-04 18:15:00,95364.69,95493.05,95364.69,95463.03,59.85454
2025-05-04 18:30:00,95463.04,95491.29,95405.79,95436.08,26.73811
2025-05-04 18:45:00,95436.08,95479.7,95389.06,95389.07,41.43786
2025-05-04 19:00:00,95389.07,95459.07,95348.3,95440.01,28.56875
2025-05-04 19:15:00,95440.0,95482.17,95413.47,95482.16,18.10777
2025-05-04 19:30:00,95482.16,95640.98,95472.05,95600.0,122.50372
2025-05-04 19:45:00,95599.99,95631.69,95541.43,95584.07,29.01221
2025-05-04 20:00:00,95584.07,95663.47,95584.07,95655.99,44.91887
2025-05-04 20:15:00,95655.99,95722.23,95582.25,95717.4,45.25961
2025-05-04 20:30:00,95717.4,95735.0,95659.75,95699.86,41.66977
2025-05-04 20:45:00,95699.85,95720.0,95692.33,95719.99,26.60796
2025-05-04 21:00:00,95719.99,95758.08,95630.0,95630.0,67.27758
2025-05-04 21:15:00,95630.0,95693.65,95630.0,95693.65,23.52306
2025-05-04 21:30:00,95693.64,95748.34,95693.64,95744.93,34.46374
2025-05-04 21:45:00,95744.94,95744.94,95654.12,95675.99,33.68928
2025-05-04 22:00:00,95676.0,95690.48,95102.0,95207.16,379.17092
2025-05-04 22:15:00,95207.15,95323.76,95134.26,95218.55,73.11608
2025-05-04 22:30:00,95218.56,95218.56,94724.57,94881.59,557.49143
2025-05-04 22:45:00,94881.59,95031.81,94800.96,95015.82,104.70828
2025-05-04 23:00:00,95015.82,95037.4,94545.59,94792.61,317.088
2025-05-04 23:15:00,94792.61,94792.62,94414.43,94430.46,333.95385
2025-05-04 23:30:00,94430.46,94521.3,94151.38,94151.39,345.37188
2025-05-04 23:45:00,94151.39,94362.57,94151.39,94277.62,312.03477
2025-05-05 00:00:00,94277.61,94505.36,94200.0,94443.77,459.90836
2025-05-05 00:15:00,94443.77,94745.39,94443.76,94737.99,201.02656
2025-05-05 00:30:00,94737.99,94808.4,94663.11,94673.77,187.53064
2025-05-05 00:45:00,94673.77,94765.43,94673.76,94724.11,84.33419
2025-05-05 01:00:00,94724.12,94754.97,94354.74,94484.33,172.20784
2025-05-05 01:15:00,94484.34,94538.75,94224.22,94224.23,278.24931
2025-05-05 01:30:00,94224.23,94245.25,93711.08,93969.21,653.31295
2025-05-05 01:45:00,93969.22,94039.47,93874.62,93929.0,143.3832
2025-05-05 02:00:00,93929.0,94059.43,93514.1,94059.43,465.69966
2025-05-05 02:15:00,94059.43,94321.17,94059.42,94264.0,431.54174
2025-05-05 02:30:00,94264.0,94400.2,94246.81,94246.82,249.72653
2025-05-05 02:45:00,94246.81,94390.99,94200.0,94236.67,104.35193
2025-05-05 03:00:00,94236.66,94299.25,94087.18,94141.9,232.45118
2025-05-05 03:15:00,94141.9,94246.69,94016.6,94016.61,199.81391
2025-05-05 03:30:00,94016.6,94177.55,94016.6,94177.55,178.44721
2025-05-05 03:45:00,94177.55,94183.57,94031.46,94031.47,98.15503
2025-05-05 04:00:00,94031.47,94196.22,94020.66,94148.79,139.36241
2025-05-05 04:15:00,94148.79,94335.0,94148.79,94325.84,154.22511
2025-05-05 04:30:00,94325.83,94427.55,94298.81,94423.84,118.81441
2025-05-05 04:45:00,94423.84,94443.69,94364.04,94409.66,114.77111
2025-05-05 05:00:00,94409.66,94445.89,94228.57,94285.95,119.55577
2025-05-05 05:15:00,94285.95,94445.86,94276.83,94422.61,76.30662
2025-05-05 05:30:00,94422.61,94544.69,94361.54,94504.59,147.20183
2025-05-05 05:45:00,94504.59,94757.62,94504.25,94732.77,205.7853
2025-05-05 06:00:00,94732.77,94774.11,94627.64,94637.94,185.87696
2025-05-05 06:15:00,94637.94,94705.31,94573.59,94586.48,116.35523
2025-05-05 06:30:00,94586.47,94768.26,94586.47,94707.17,146.84437
2025-05-05 06:45:00,94707.17,94768.25,94652.9,94761.13,123.69108
2025-05-05 07:00:00,94761.14,94825.46,94570.17,94591.79,119.90043
2025-05-05 07:15:00,94591.78,94641.26,94528.36,94564.98,135.30638
2025-05-05 07:30:00,94564.98,94700.08,94556.58,94700.08,156.18012
2025-05-05 07:45:00,94700.08,94761.91,94650.0,94761.91,275.56662
2025-05-05 08:00:00,94761.91,94798.01,94652.36,94666.66,266.73959
2025-05-05 08:15:00,94666.67,94700.0,94554.66,94554.67,247.54993
2025-05-05 08:30:00,94554.67,94628.26,94500.0,94546.09,127.54387
2025-05-05 08:45:00,94546.09,94599.62,94489.93,94559.19,99.30873
2025-05-05 09:00:00,94559.2,94609.53,94512.27,94512.28,90.05833
2025-05-05 09:15:00,94512.28,94638.12,94467.65,94605.95,74.04017
2025-05-05 09:30:00,94605.96,94648.47,94540.0,94600.0,125.13478
2025-05-05 09:45:00,94599.99,94634.78,94545.19,94550.63,133.71773
2025-05-05 10:00:00,94550.62,94558.0,94394.75,94436.07,248.47026
2025-05-05 10:15:00,94436.07,94447.19,94363.03,94363.03,87.9336
2025-05-05 10:30:00,94363.04,94449.81,94143.63,94200.01,215.79888
2025-05-05 10:45:00,94200.0,94216.0,94047.79,94121.89,134.21407
2025-05-05 11:00:00,94121.88,94222.14,94089.05,94222.07,127.77731
2025-05-05 11:15:00,94222.07,94282.48,93974.87,94005.0,188.47431
2025-05-05 11:30:00,94005.0,94069.85,93888.0,93932.07,244.89093
2025-05-05 11:45:00,93932.07,94129.42,93932.07,94038.18,129.44468
2025-05-05 12:00:00,94038.19,94208.27,93908.3,94197.64,153.39775
2025-05-05 12:15:00,94197.65,94346.21,94153.68,94323.81,155.75521
2025-05-05 12:30:00,94323.81,94346.59,94230.5,94322.24,107.95361
2025-05-05 12:45:00,94322.24,94341.96,94260.0,94333.33,88.79732
2025-05-05 13:00:00,94333.33,94413.92,94189.99,94199.99,376.42247
2025-05-05 13:15:00,94199.99,94352.13,94127.12,94174.36,269.42485
2025-05-05 13:30:00,94174.35,94254.18,93716.0,93887.22,647.68706
2025-05-05 13:45:00,93887.22,94228.41,93635.78,94226.38,446.87744
2025-05-05 14:00:00,94226.38,94531.74,93984.54,94004.75,538.29436
2025-05-05 14:15:00,94004.76,94188.0,93818.86,93928.71,298.55029
2025-05-05 14:30:00,93928.71,94143.46,93730.43,94080.0,182.52601
2025-05-05 14:45:00,94079.99,94228.58,93840.09,93879.37,200.20881
2025-05-05 15:00:00,93879.37,93887.55,93618.41,93746.36,246.68591
2025-05-05 15:15:00,93746.36,93977.13,93669.61,93858.09,139.97957
2025-05-05 15:30:00,93858.1,93942.86,93700.0,93731.67,141.09745
2025-05-05 15:45:00,93731.68,93778.7,93613.66,93770.31,191.06706
2025-05-05 16:00:00,93770.32,94046.39,93759.63,93978.61,159.16516
2025-05-05 16:15:00,93978.6,94266.98,93976.25,94175.57,123.01574
2025-05-05 16:30:00,94175.57,94280.0,94125.97,94227.47,183.75262
2025-05-05 16:45:00,94227.48,94257.09,94101.58,94206.31,208.02695
2025-05-05 17:00:00,94206.31,94271.7,94060.59,94083.64,334.92817
2025-05-05 17:15:00,94083.63,94419.05,94079.61,94368.32,149.62248
2025-05-05 17:30:00,94368.33,94625.0,94359.54,94446.93,241.72154
2025-05-05 17:45:00,94446.94,94535.85,94413.73,94500.0,82.32598
2025-05-05 18:00:00,94500.01,94687.74,94443.56,94673.06,140.3909
2025-05-05 18:15:00,94673.05,94704.77,94553.97,94585.09,119.16917
2025-05-05 18:30:00,94585.09,94900.0,94582.02,94845.47,123.0681
2025-05-05 18:45:00,94845.48,94885.54,94715.04,94730.39,65.81234
2025-05-05 19:00:00,94730.39,94839.99,94668.39,94804.86,81.2139
2025-05-05 19:15:00,94804.87,94900.0,94603.09,94639.97,111.63622
2025-05-05 19:30:00,94639.96,94683.93,94483.87,94499.99,81.03164
2025-05-05 19:45:00,94499.99,94500.0,94289.92,94347.17,134.39781
2025-05-05 20:00:00,94347.16,94365.19,94180.32,94241.08,90.58358
2025-05-05 20:15:00,94241.09,94292.07,94170.26,94200.0,43.58637
2025-05-05 20:30:00,94200.0,94200.01,93876.0,94055.81,131.25822
2025-05-05 20:45:00,94055.82,94259.67,94000.01,94242.02,67.47995
2025-05-05 21:00:00,94242.01,94600.0,94242.01,94592.76,116.5925
2025-05-05 21:15:00,94592.76,94666.61,94534.2,94625.98,71.0775
2025-05-05 21:30:00,94625.98,94625.98,94354.16,94566.12,92.04132
2025-05-05 21:45:00,94566.12,94831.75,94546.03,94719.82,106.05921
2025-05-05 22:00:00,94719.83,94875.33,94719.82,94837.73,135.93376
2025-05-05 22:15:00,94837.73,94988.67,94837.73,94887.61,112.47612
2025-05-05 22:30:00,94887.62,95199.0,94887.62,95186.01,240.48159
2025-05-05 22:45:00,95186.0,95186.01,94980.21,95049.48,112.7477
2025-05-05 23:00:00,95049.48,95128.8,95001.18,95001.18,89.57844
2025-05-05 23:15:00,95001.18,95129.76,94896.24,94896.25,164.64773
2025-05-05 23:30:00,94896.24,94926.99,94823.8,94837.73,54.03043
2025-05-05 23:45:00,94837.73,94845.51,94724.52,94733.68,81.62242
2025-05-06 00:00:00,94733.68,94779.99,94632.52,94683.21,90.78211
2025-05-06 00:15:00,94683.21,94739.99,94577.85,94725.73,66.05591
2025-05-06 00:30:00,94725.74,94728.41,94428.58,94461.5,145.69634
2025-05-06 00:45:00,94461.49,94608.35,94460.37,94598.89,62.61951
2025-05-06 01:00:00,94598.89,94768.26,94483.2,94750.73,77.59136
2025-05-06 01:15:00,94750.72,94926.99,94750.72,94821.32,83.43933
2025-05-06 01:30:00,94821.31,94821.31,94382.82,94382.83,124.11418
2025-05-06 01:45:00,94382.83,94433.5,94312.59,94312.6,85.61292
2025-05-06 02:00:00,94312.59,94400.0,94213.15,94240.87,94.39734
2025-05-06 02:15:00,94240.87,94240.87,94053.04,94113.93,128.14534
2025-05-06 02:30:00,94113.92,94233.97,94012.78,94153.99,105.31886
2025-05-06 02:45:00,94153.99,94379.98,94153.98,94334.99,79.65003
2025-05-06 03:00:00,94334.99,94390.82,94244.7,94257.87,65.78367
2025-05-06 03:15:00,94257.87,94430.32,94233.96,94402.77,127.34453
2025-05-06 03:30:00,94402.76,94498.12,94402.76,94481.72,162.55985
2025-05-06 03:45:00,94481.72,94512.33,94432.68,94454.01,87.32242
2025-05-06 04:00:00,94454.01,94454.35,94350.83,94397.73,42.77237
2025-05-06 04:15:00,94397.74,94571.42,94373.64,94571.41,67.87197
2025-05-06 04:30:00,94571.41,94583.82,94458.73,94461.21,79.69025
2025-05-06 04:45:00,94461.21,94583.82,94461.21,94574.57,75.1474
2025-05-06 05:00:00,94574.57,94603.03,94490.67,94490.68,97.35971
2025-05-06 05:15:00,94490.67,94515.91,94349.7,94369.21,146.42123
2025-05-06 05:30:00,94369.22,94414.84,94308.63,94359.99,78.49018
2025-05-06 05:45:00,94360.0,94419.05,94320.0,94345.56,93.32454
2025-05-06 06:00:00,94345.57,94460.38,94335.11,94437.02,33.12969
2025-05-06 06:15:00,94437.02,94470.64,94398.55,94417.78,36.17859
2025-05-06 06:30:00,94417.78,94482.54,94391.67,94477.03,58.65478
2025-05-06 06:45:00,94477.04,94498.12,94420.71,94498.11,38.31713
2025-05-06 07:00:00,94498.12,94638.01,94480.01,94494.99,55.76911
2025-05-06 07:15:00,94494.98,94494.98,94420.47,94429.95,48.36078
2025-05-06 07:30:00,94429.95,94535.85,94348.57,94399.99,146.82676
2025-05-06 07:45:00,94400.0,94460.0,94387.89,94400.99,212.21209
2025-05-06 08:00:00,94400.98,94400.99,94167.58,94203.81,178.80253
2025-05-06 08:15:00,94203.8,94218.92,94003.0,94036.67,294.52522
2025-05-06 08:30:00,94036.67,94277.52,94036.67,94261.17,107.53096
2025-05-06 08:45:00,94261.17,94380.96,94261.16,94375.9,170.00083
2025-05-06 09:00:00,94375.89,94375.9,94201.76,94201.76,116.64866
2025-05-06 09:15:00,94201.77,94223.57,94144.4,94188.49,79.18682
2025-05-06 09:30:00,94188.48,94233.48,94119.74,94124.45,77.70168
2025-05-06 09:45:00,94124.46,94220.65,94113.02,94211.96,120.85093
2025-05-06 10:00:00,94211.96,94211.96,94142.85,94153.07,130.43347
2025-05-06 10:15:00,94153.07,94329.63,94148.39,94215.41,245.99198
2025-05-06 10:30:00,94215.4,94237.68,94056.77,94069.11,193.70282
2025-05-06 10:45:00,94069.11,94084.1,93861.93,93942.83,381.91855
2025-05-06 11:00:00,93942.83,94066.55,93924.82,94000.01,118.33667
2025-05-06 11:15:00,94000.01,94059.36,93882.51,93890.36,112.28072
2025-05-06 11:30:00,93890.37,93978.2,93816.58,93884.0,123.12735
2025-05-06 11:45:00,93884.0,93903.72,93720.63,93812.54,215.54334
2025-05-06 12:00:00,93812.53,93921.4,93761.97,93809.89,112.61814
2025-05-06 12:15:00,93809.9,93870.82,93766.49,93823.81,108.59142
2025-05-06 12:30:00,93823.81,94012.36,93823.81,93997.48,428.54306
2025-05-06 12:45:00,93997.48,94040.0,93924.34,93935.99,242.4437
2025-05-06 13:00:00,93936.0,93947.64,93723.46,93735.53,182.96671
2025-05-06 13:15:00,93735.54,93872.19,93735.53,93741.0,116.14917
2025-05-06 13:30:00,93741.0,94015.25,93713.29,93952.68,198.64505
2025-05-06 13:45:00,93952.68,94019.86,93377.0,93616.92,718.98213
2025-05-06 14:00:00,93616.91,94196.23,93612.01,94046.37,321.53705
2025-05-06 14:15:00,94046.38,94705.17,94046.38,94317.72,481.08598
2025-05-06 14:30:00,94317.71,94476.2,94220.66,94264.33,182.82894
2025-05-06 14:45:00,94264.33,94355.56,94086.91,94147.02,172.62197
2025-05-06 15:00:00,94147.01,94330.1,94080.09,94330.1,126.26092
2025-05-06 15:15:00,94330.1,94544.89,94210.04,94519.99,116.86124
2025-05-06 15:30:00,94519.99,94733.38,94466.25,94596.77,273.4416
2025-05-06 15:45:00,94596.76,94660.0,94504.38,94558.95,139.06161
2025-05-06 16:00:00,94558.94,94850.0,94388.02,94818.01,246.46353
2025-05-06 16:15:00,94818.0,94820.74,94444.0,94509.15,170.13297
2025-05-06 16:30:00,94509.16,94736.51,94472.0,94472.01,139.7115
2025-05-06 16:45:00,94472.01,94494.44,94216.0,94241.01,146.05373
2025-05-06 17:00:00,94241.01,94474.17,94232.05,94461.17,168.87759
2025-05-06 17:15:00,94461.17,94704.75,94456.0,94693.39,102.80009
2025-05-06 17:30:00,94693.39,94856.53,94575.34,94590.23,179.03671
2025-05-06 17:45:00,94590.24,94609.53,94495.26,94535.93,77.1556
2025-05-06 18:00:00,94535.93,94648.49,94504.84,94597.56,84.93485
2025-05-06 18:15:00,94597.55,94918.5,94597.55,94918.5,245.48896
2025-05-06 18:30:00,94918.49,94950.0,94806.56,94819.99,111.77126
2025-05-06 18:45:00,94819.99,95088.0,94819.99,95067.36,175.47073
2025-05-06 19:00:00,95067.36,95100.23,94944.0,95052.2,198.03602
2025-05-06 19:15:00,95052.21,95139.44,95006.96,95117.46,72.5001
2025-05-06 19:30:00,95117.46,95150.23,95040.0,95126.6,105.7823
2025-05-06 19:45:00,95126.6,95157.0,94923.49,94963.5,112.59112
2025-05-06 20:00:00,94963.5,95020.0,94895.23,94980.25,98.46884
2025-05-06 20:15:00,94980.25,94990.5,94768.25,94768.26,90.62442
2025-05-06 20:30:00,94768.26,94786.45,94632.51,94718.85,67.597
2025-05-06 20:45:00,94718.85,94760.0,94632.5,94682.23,77.61963
2025-05-06 21:00:00,94682.23,94800.0,94588.61,94608.99,67.93226
2025-05-06 21:15:00,94609.0,94654.74,94452.75,94498.61,87.55363
2025-05-06 21:30:00,94498.61,94668.07,94498.6,94668.07,49.58534
2025-05-06 21:45:00,94668.07,94714.28,94623.23,94688.99,53.62364
2025-05-06 22:00:00,94688.99,95530.16,94684.77,95163.85,896.08436
2025-05-06 22:15:00,95163.85,95657.15,95150.6,95654.84,383.04317
2025-05-06 22:30:00,95654.84,96180.0,95604.22,96037.81,488.6319
2025-05-06 22:45:00,96037.81,96293.88,96006.34,96259.94,377.86888
2025-05-06 23:00:00,96259.94,96426.66,96102.72,96196.83,437.95418
2025-05-06 23:15:00,96196.82,96802.51,96193.95,96628.25,450.78376
2025-05-06 23:30:00,96628.24,96875.0,96465.95,96870.02,278.22245
2025-05-06 23:45:00,96870.01,96920.65,96754.15,96834.02,394.06311
2025-05-07 00:00:00,96834.02,97078.78,96729.67,97010.93,671.4954
2025-05-07 00:15:00,97010.93,97499.02,96974.0,97248.27,711.96166
2025-05-07 00:30:00,97248.27,97305.3,97127.86,97228.75,222.97411
2025-05-07 00:45:00,97228.75,97450.0,97136.24,97415.65,233.92425
2025-05-07 01:00:00,97415.65,97732.0,97410.67,97480.16,529.32519
2025-05-07 01:15:00,97480.16,97550.01,97388.76,97533.01,179.15921
2025-05-07 01:30:00,97533.01,97533.02,97273.0,97290.8,174.78676
2025-05-07 01:45:00,97290.8,97434.43,97192.93,97242.85,244.38448
2025-05-07 02:00:00,97242.86,97276.0,96818.22,96967.96,587.14568
2025-05-07 02:15:00,96967.95,97054.35,96850.94,96888.01,160.76101
2025-05-07 02:30:00,96888.01,96888.8,96720.2,96720.21,230.09619
2025-05-07 02:45:00,96720.2,96740.75,96464.0,96619.05,200.21487
2025-05-07 03:00:00,96619.04,96663.51,96380.0,96409.99,241.36667
2025-05-07 03:15:00,96409.99,96500.0,96208.1,96459.99,372.60146
2025-05-07 03:30:00,96459.99,96611.47,96459.99,96505.49,345.05701
2025-05-07 03:45:00,96505.48,96587.71,96431.1,96506.9,75.15858
2025-05-07 04:00:00,96506.9,96711.65,96506.9,96711.64,187.6954
2025-05-07 04:15:00,96711.64,96714.28,96567.95,96567.95,87.04626
2025-05-07 04:30:00,96567.95,96567.96,96453.0,96504.55,71.89078
2025-05-07 04:45:00,96504.54,96619.05,96420.64,96576.0,100.56495
2025-05-07 05:00:00,96575.99,96576.0,96454.16,96488.87,97.66357
2025-05-07 05:15:00,96488.87,96498.74,96390.25,96423.94,151.77537
2025-05-07 05:30:00,96423.94,96500.0,96334.84,96354.22,166.98993
2025-05-07 05:45:00,96354.22,96418.9,96310.89,96380.96,72.66789
2025-05-07 06:00:00,96380.96,96666.67,96361.75,96666.66,415.07399
2025-05-07 06:15:00,96666.67,96667.55,96525.99,96605.73,71.58936
2025-05-07 06:30:00,96605.73,96605.74,96465.75,96531.22,90.98527
2025-05-07 06:45:00,96531.22,96592.01,96441.28,96557.31,175.962
2025-05-07 07:00:00,96557.31,96697.68,96557.3,96674.61,113.45854
2025-05-07 07:15:00,96674.61,96830.2,96652.98,96788.05,104.66593
2025-05-07 07:30:00,96788.04,96879.74,96734.49,96869.89,107.47864
2025-05-07 07:45:00,96869.89,97013.53,96869.89,96994.82,155.44834
2025-05-07 08:00:00,96994.82,97004.04,96861.57,96861.58,142.48734
2025-05-07 08:15:00,96861.58,96952.39,96861.58,96908.0,81.76211
2025-05-07 08:30:00,96908.0,97053.91,96881.03,97020.0,94.39219
2025-05-07 08:45:00,97020.01,97083.47,96970.0,97024.45,86.58665
2025-05-07 09:00:00,97024.46,97059.7,96928.57,96945.25,72.90883
2025-05-07 09:15:00,96945.26,96969.24,96883.6,96918.97,134.1889
2025-05-07 09:30:00,96918.98,97016.0,96876.0,97015.11,77.2011
2025-05-07 09:45:00,97015.12,97040.0,96956.12,96978.4,56.96124
2025-05-07 10:00:00,96978.4,96978.4,96873.51,96941.04,67.07538
2025-05-07 10:15:00,96941.04,96941.04,96840.33,96860.68,55.86486
2025-05-07 10:30:00,96860.68,97054.35,96833.33,97054.34,80.05664
2025-05-07 10:45:00,97054.35,97111.0,97011.7,97030.01,93.12552
2025-05-07 11:00:00,97030.01,97068.66,96943.97,97044.5,71.50444
2025-05-07 11:15:00,97044.51,97044.51,96940.02,96940.02,56.29882
2025-05-07 11:30:00,96940.02,97029.64,96929.17,97029.64,70.14008
2025-05-07 11:45:00,97029.63,97070.06,96971.0,97047.43,58.20404
2025-05-07 12:00:00,97047.43,97086.1,96928.57,97014.46,114.04344
2025-05-07 12:15:00,97014.47,97200.0,96970.3,96978.98,202.74461
2025-05-07 12:30:00,96978.98,97026.24,96870.35,96928.57,138.38424
2025-05-07 12:45:00,96928.58,96982.95,96896.82,96966.08,76.48947
2025-05-07 13:00:00,96966.07,96966.08,96833.33,96846.6,76.98471
2025-05-07 13:15:00,96846.6,96849.13,96725.14,96725.14,110.2572
2025-05-07 13:30:00,96725.14,97316.03,96713.14,97231.84,406.19877
2025-05-07 13:45:00,97231.83,97264.65,96848.0,97022.01,236.02366
2025-05-07 14:00:00,97022.02,97297.64,96964.39,97189.78,198.4099
2025-05-07 14:15:00,97189.79,97457.03,97126.93,97447.29,208.6435
2025-05-07 14:30:00,97447.3,97478.27,97310.0,97310.0,175.61772
2025-05-07 14:45:00,97310.01,97313.93,96806.0,96938.0,271.55541
2025-05-07 15:00:00,96937.99,97048.8,96764.14,96862.87,177.33951
2025-05-07 15:15:00,96862.87,97041.34,96862.87,97027.07,114.58972
2025-05-07 15:30:00,97027.07,97152.18,96928.57,97095.42,175.69223
2025-05-07 15:45:00,97095.43,97095.43,96834.38,96923.91,108.61017
2025-05-07 16:00:00,96923.91,96928.58,96655.44,96793.94,184.28725
2025-05-07 16:15:00,96793.93,96838.5,96525.46,96525.46,153.44473
2025-05-07 16:30:00,96525.47,96710.83,96510.0,96691.38,155.1391
2025-05-07 16:45:00,96691.38,96961.04,96682.0,96857.15,127.68377
2025-05-07 17:00:00,96857.15,96887.48,96738.09,96831.0,70.66968
2025-05-07 17:15:00,96831.0,96880.0,96620.01,96635.4,79.69821
2025-05-07 17:30:00,96635.4,96685.1,96543.53,96572.96,106.48488
2025-05-07 17:45:00,96572.95,96724.03,96190.47,96307.54,256.70092
2025-05-07 18:00:00,96307.54,96674.61,95893.14,96229.23,696.61694
2025-05-07 18:15:00,96229.22,96518.34,96127.17,96443.65,160.4302
2025-05-07 18:30:00,96443.65,96880.43,96300.0,96397.89,371.85671
2025-05-07 18:45:00,96397.9,96593.59,96000.0,96593.59,263.63249
2025-05-07 19:00:00,96593.58,96616.52,96320.68,96396.0,252.95004
2025-05-07 19:15:00,96396.0,96463.99,95988.72,96007.95,155.89116
2025-05-07 19:30:00,96007.95,96625.0,95784.61,96469.07,368.24621
2025-05-07 19:45:00,96469.08,96520.0,96086.31,96180.01,202.13809
2025-05-07 20:00:00,96180.0,96412.51,96076.92,96403.99,100.32924
2025-05-07 20:15:00,96404.0,96422.26,96230.15,96297.52,51.51466
2025-05-07 20:30:00,96297.52,96452.38,96285.71,96452.38,74.18159
2025-05-07 20:45:00,96452.37,96766.8,96428.57,96766.8,129.4645
2025-05-07 21:00:00,96766.8,96840.19,96651.96,96815.86,82.77522
2025-05-07 21:15:00,96815.86,97141.53,96775.21,97141.52,143.99608
2025-05-07 21:30:00,97141.52,97241.87,96975.75,97240.0,145.23754
2025-05-07 21:45:00,97239.99,97322.0,97021.3,97120.63,123.11506
2025-05-07 22:00:00,97120.63,97305.21,97079.36,97169.64,184.02783
2025-05-07 22:15:00,97169.63,97182.54,97021.73,97047.62,60.62921
2025-05-07 22:30:00,97047.61,97241.73,97020.54,97239.36,69.72663
2025-05-07 22:45:00,97239.36,97262.89,97174.6,97262.88,78.0047
2025-05-07 23:00:00,97262.89,97390.0,97252.71,97341.2,119.46981
2025-05-07 23:15:00,97341.2,97341.21,97184.78,97202.99,73.59608
2025-05-07 23:30:00,97202.99,97234.01,97002.04,97034.55,91.89897
2025-05-07 23:45:00,97034.55,97081.42,96978.04,97030.5,69.28989
2025-05-08 00:00:00,97030.5,97117.35,96981.45,97082.57,102.61243
2025-05-08 00:15:00,97082.57,97147.56,97021.73,97126.29,85.82453
2025-05-08 00:30:00,97126.29,97140.0,96876.29,96921.99,102.92535
2025-05-08 00:45:00,96921.99,97782.0,96896.14,97770.01,625.76222
2025-05-08 01:00:00,97770.0,98366.0,97752.95,97857.14,1466.55543
2025-05-08 01:15:00,97857.14,98077.75,97600.0,97982.52,351.76907
2025-05-08 01:30:00,97982.52,98024.54,97800.0,97831.17,158.8455
2025-05-08 01:45:00,97831.18,97949.38,97706.52,97816.21,197.55361
2025-05-08 02:00:00,97816.22,98058.79,97816.21,98058.78,253.43431
2025-05-08 02:15:00,98058.78,98598.33,98040.0,98594.34,665.82633
2025-05-08 02:30:00,98594.34,98847.0,98565.6,98683.82,659.8299
2025-05-08 02:45:00,98683.81,98845.27,98639.86,98681.99,273.70648
2025-05-08 03:00:00,98681.99,98875.0,98532.02,98776.32,260.03392
2025-05-08 03:15:00,98776.32,98839.99,98682.5,98809.52,209.30891
2025-05-08 03:30:00,98809.53,99108.82,98706.34,99108.82,424.9739
2025-05-08 03:45:00,99108.82,99222.22,98834.9,99152.79,571.0671
2025-05-08 04:00:00,99152.79,99383.69,99100.0,99205.36,617.37937
2025-05-08 04:15:00,99205.36,99419.0,99205.36,99350.52,283.69197
2025-05-08 04:30:00,99350.51,99350.52,99144.0,99150.0,303.32361
2025-05-08 04:45:00,99149.99,99199.98,98888.0,98954.32,512.34165
2025-05-08 05:00:00,98954.32,99120.0,98900.0,98918.11,376.34101
2025-05-08 05:15:00,98918.11,98935.99,98774.27,98935.99,471.37857
2025-05-08 05:30:00,98935.99,98945.66,98804.41,98859.99,250.64961
2025-05-08 05:45:00,98860.0,98882.87,98738.09,98740.61,109.28902
2025-05-08 06:00:00,98740.6,98896.83,98723.25,98896.83,153.66606
2025-05-08 06:15:00,98896.83,98896.84,98819.99,98835.27,95.4419
2025-05-08 06:30:00,98835.27,98911.8,98801.58,98911.8,107.71198
2025-05-08 06:45:00,98911.8,99040.0,98866.7,99039.99,114.40236
2025-05-08 07:00:00,99040.0,99183.15,99036.59,99133.44,138.37071
2025-05-08 07:15:00,99133.45,99319.47,99114.34,99319.47,146.59856
2025-05-08 07:30:00,99319.46,99372.96,99200.0,99345.91,278.92954
2025-05-08 07:45:00,99345.91,99345.92,99206.86,99252.34,169.79077
2025-05-08 08:00:00,99252.34,99621.85,99209.04,99482.36,549.11543
2025-05-08 08:15:00,99482.35,99711.63,99447.24,99534.61,407.20738
2025-05-08 08:30:00,99534.61,99666.67,99436.5,99631.07,207.56413
2025-05-08 08:45:00,99631.07,99800.0,99611.27,99666.66,365.91528
2025-05-08 09:00:00,99666.67,99699.0,99550.03,99581.62,125.01804
2025-05-08 09:15:00,99581.62,99680.0,99555.55,99650.79,194.8187
2025-05-08 09:30:00,99650.8,99650.8,99538.36,99590.86,161.95378
2025-05-08 09:45:00,99590.86,99800.01,99590.86,99790.97,197.76153
2025-05-08 10:00:00,99790.97,99809.53,99682.97,99685.16,139.89782
2025-05-08 10:15:00,99685.16,99818.0,99685.16,99818.0,126.33385
2025-05-08 10:30:00,99818.0,99878.29,99743.19,99772.23,276.13536
2025-05-08 10:45:00,99772.22,99888.0,99772.22,99780.67,158.76424
2025-05-08 11:00:00,99780.66,99780.66,99606.43,99619.05,222.78966
2025-05-08 11:15:00,99619.04,99679.77,99484.33,99490.0,249.62972
2025-05-08 11:30:00,99490.0,99570.0,99448.62,99562.49,154.47652
2025-05-08 11:45:00,99562.49,99580.0,99406.54,99409.14,165.29339
2025-05-08 12:00:00,99409.15,99478.14,99383.82,99383.82,195.103
2025-05-08 12:15:00,99383.83,99538.5,99383.82,99412.52,168.80666
2025-05-08 12:30:00,99412.52,99544.98,99250.37,99292.98,233.55901
2025-05-08 12:45:00,99292.97,99452.46,99262.96,99287.97,147.10508
2025-05-08 13:00:00,99287.97,99396.83,99253.87,99260.83,130.11073
2025-05-08 13:15:00,99260.82,99439.48,99250.0,99418.71,139.62541
2025-05-08 13:30:00,99418.71,99633.86,99220.01,99307.99,247.82434
2025-05-08 13:45:00,99308.0,99413.8,99090.66,99290.03,286.22532
2025-05-08 14:00:00,99290.04,99441.58,99153.73,99174.6,236.39175
2025-05-08 14:15:00,99174.61,99537.47,99174.6,99499.99,233.86388
2025-05-08 14:30:00,99499.99,99780.85,99499.99,99628.0,333.01482
2025-05-08 14:45:00,99627.99,99822.6,99362.65,99371.95,417.25379
2025-05-08 15:00:00,99371.95,99777.78,99316.0,99746.03,225.0529
2025-05-08 15:15:00,99746.03,100888.88,99659.85,100634.94,2248.03449
2025-05-08 15:30:00,100634.93,101525.03,100423.4,101269.85,1512.87025
2025-05-08 15:45:00,101269.85,101436.05,100678.36,100758.08,1208.59028
2025-05-08 16:00:00,100758.08,101015.88,100596.0,100964.87,669.44566
2025-05-08 16:15:00,100964.87,101153.83,100794.01,100864.89,316.72896
2025-05-08 16:30:00,100864.9,101194.61,100719.38,101161.99,387.87449
2025-05-08 16:45:00,101161.99,101355.31,101061.83,101276.49,311.11084
2025-05-08 17:00:00,101276.49,101300.01,101111.11,101233.03,312.38226
2025-05-08 17:15:00,101233.03,101707.02,101229.81,101524.89,639.36284
2025-05-08 17:30:00,101524.89,101597.24,101022.08,101063.49,402.91675
2025-05-08 17:45:00,101063.5,101095.24,100779.26,101027.13,306.94004
2025-05-08 18:00:00,101027.14,101307.81,100970.0,101246.38,204.06614
2025-05-08 18:15:00,101246.37,101397.31,101212.18,101317.47,169.01537
2025-05-08 18:30:00,101317.47,101485.2,101266.87,101317.46,195.70394
2025-05-08 18:45:00,101317.46,101412.68,101240.63,101365.38,99.5127
2025-05-08 19:00:00,101365.39,101365.39,101051.2,101065.28,135.04506
2025-05-08 19:15:00,101065.28,101342.06,101005.03,101204.19,261.05642
2025-05-08 19:30:00,101204.2,101315.37,101174.01,101256.92,165.38632
2025-05-08 19:45:00,101256.92,101348.98,100972.0,101299.99,523.21307
2025-05-08 20:00:00,101300.0,101833.99,101285.71,101434.38,434.02427
2025-05-08 20:15:00,101434.38,101567.01,101290.42,101567.01,178.8601
2025-05-08 20:30:00,101567.01,102300.0,101567.0,102114.1,928.81536
2025-05-08 20:45:00,102114.1,102851.0,102018.35,102607.8,777.05072
2025-05-08 21:00:00,102607.79,102682.54,102114.66,102512.49,359.61665
2025-05-08 21:15:00,102512.49,104145.76,102449.01,103300.64,1557.99663
2025-05-08 21:30:00,103300.65,103664.86,102867.41,103000.0,799.7267
2025-05-08 21:45:00,103000.01,103301.57,102614.12,102828.03,671.35794
2025-05-08 22:00:00,102828.04,102841.27,102396.86,102566.01,305.38427
2025-05-08 22:15:00,102566.0,103050.0,102566.0,102827.5,314.61921
2025-05-08 22:30:00,102827.49,103205.94,102678.0,103205.93,214.65286
2025-05-08 22:45:00,103205.93,103230.66,102892.15,103017.95,193.76893
2025-05-08 23:00:00,103017.95,103119.29,102811.02,102996.96,268.76567
2025-05-08 23:15:00,102996.95,103181.25,102786.76,102850.0,179.62111
2025-05-08 23:30:00,102850.01,103115.75,102841.26,103085.35,192.87371
2025-05-08 23:45:00,103085.35,103301.6,103026.69,103261.6,279.69126
2025-05-09 00:00:00,103261.61,103268.44,103017.09,103054.24,243.37528
2025-05-09 00:15:00,103054.25,103175.99,102823.06,102830.06,222.99992
2025-05-09 00:30:00,102830.06,102873.0,102540.13,102693.57,308.9743
2025-05-09 00:45:00,102693.57,103055.47,102650.79,102820.0,192.37682
2025-05-09 01:00:00,102820.01,102959.99,102705.87,102730.0,206.57121
2025-05-09 01:15:00,102730.0,102998.71,102551.74,102767.87,282.87456
2025-05-09 01:30:00,102767.87,102917.28,102626.6,102917.28,153.66964
2025-05-09 01:45:00,102917.28,103128.0,102841.26,103098.34,186.67793
2025-05-09 02:00:00,103098.34,103098.34,102897.16,102911.81,226.9158
2025-05-09 02:15:00,102911.8,103000.0,102720.01,102720.01,250.27558
2025-05-09 02:30:00,102720.0,102753.9,102616.02,102628.18,278.82285
2025-05-09 02:45:00,102628.01,102729.98,102500.48,102595.5,293.113
2025-05-09 03:00:00,102595.5,102784.49,102425.41,102738.43,238.5998
2025-05-09 03:15:00,102738.42,102800.69,102615.48,102643.99,173.02315
2025-05-09 03:30:00,102643.99,102644.0,102364.0,102366.49,274.18236
2025-05-09 03:45:00,102366.49,102472.18,102365.36,102451.04,201.4012
2025-05-09 04:00:00,102451.04,102663.32,102374.03,102660.01,183.39695
2025-05-09 04:15:00,102660.01,102695.72,102536.13,102554.49,165.77306
2025-05-09 04:30:00,102554.49,102587.52,102471.31,102571.4,168.5499
2025-05-09 04:45:00,102571.39,102852.0,102571.39,102828.0,184.75403
2025-05-09 05:00:00,102828.01,102872.12,102722.6,102749.5,182.78239
2025-05-09 05:15:00,102749.49,102755.98,102585.74,102730.16,129.68424
2025-05-09 05:30:00,102730.16,102930.5,102730.15,102930.49,192.32515
2025-05-09 05:45:00,102930.49,102979.36,102901.94,102979.35,207.70384
2025-05-09 06:00:00,102979.35,103037.97,102938.94,102938.94,271.9416
2025-05-09 06:15:00,102938.94,103224.43,102928.77,103131.46,264.98623
2025-05-09 06:30:00,103131.46,103217.85,103000.0,103049.75,275.65083
2025-05-09 06:45:00,103049.74,103261.71,103049.74,103230.11,213.23933
2025-05-09 07:00:00,103230.11,103529.79,103127.76,103511.52,455.8807
2025-05-09 07:15:00,103511.52,103800.0,103453.0,103789.37,433.88604
2025-05-09 07:30:00,103789.36,104000.01,103515.76,103897.49,1212.89877
2025-05-09 07:45:00,103897.5,104361.3,103622.22,103628.77,1428.04641
2025-05-09 08:00:00,103628.76,103719.45,103349.29,103523.33,647.73592
2025-05-09 08:15:00,103523.33,103930.0,103504.47,103623.08,532.06707
2025-05-09 08:30:00,103623.08,103900.0,102652.33,102752.3,1190.58508
2025-05-09 08:45:00,102752.3,103063.5,102752.29,102968.25,752.69673
2025-05-09 09:00:00,102968.25,103285.72,102566.5,102638.22,656.66527
2025-05-09 09:15:00,102638.22,103000.0,102444.0,102563.31,766.42232
2025-05-09 09:30:00,102563.3,102889.0,102421.0,102772.41,319.44695
2025-05-09 09:45:00,102772.41,102938.0,102599.98,102915.58,203.63921
2025-05-09 10:00:00,102915.58,103108.99,102797.69,103039.73,428.98729
2025-05-09 10:15:00,103039.73,103126.99,102921.06,103095.53,347.96372
2025-05-09 10:30:00,103095.52,103285.7,102971.28,103274.16,417.17662
2025-05-09 10:45:00,103274.17,103476.19,103229.58,103371.63,435.72032
2025-05-09 11:00:00,103371.62,103371.63,103101.2,103222.22,457.19477
2025-05-09 11:15:00,103222.23,103500.0,102685.3,103051.98,660.43195
2025-05-09 11:30:00,103051.98,103155.55,102855.97,103145.68,412.8045
2025-05-09 11:45:00,103145.68,103254.71,102926.23,102958.31,173.55165
2025-05-09 12:00:00,102958.31,103113.24,102808.02,102950.9,369.72746
2025-05-09 12:15:00,102950.9,103155.58,102884.98,103126.36,252.03538
2025-05-09 12:30:00,103126.37,103165.92,102946.62,102999.99,230.41477
2025-05-09 12:45:00,103000.0,103135.36,102885.8,102899.99,252.78691
2025-05-09 13:00:00,102899.99,103151.64,102899.99,103149.99,314.37312
2025-05-09 13:15:00,103150.0,103185.67,102920.94,103000.52,427.82432
2025-05-09 13:30:00,103000.52,103372.01,102826.63,103266.9,555.56268
2025-05-09 13:45:00,103266.9,103793.66,103228.19,103633.5,649.16434
2025-05-09 14:00:00,103633.5,103665.16,103286.32,103555.27,488.5563
2025-05-09 14:15:00,103555.28,103761.91,102628.7,102658.94,672.20782
2025-05-09 14:30:00,102658.94,103030.68,102411.99,102968.25,480.2583
2025-05-09 14:45:00,102968.25,103190.47,102620.24,103155.99,398.925
2025-05-09 15:00:00,103156.0,103313.0,103003.72,103106.87,209.25005
2025-05-09 15:15:00,103106.87,103158.61,102735.94,102878.99,217.9477
2025-05-09 15:30:00,102878.99,102916.0,102688.26,102841.26,199.69736
2025-05-09 15:45:00,102841.26,102936.51,102715.27,102895.99,122.49063
2025-05-09 16:00:00,102895.99,102928.0,102514.0,102821.64,290.05279
2025-05-09 16:15:00,102821.64,102929.51,102650.79,102750.62,189.69875
2025-05-09 16:30:00,102750.62,102904.77,102687.21,102729.3,161.36876
2025-05-09 16:45:00,102729.29,102764.98,102315.14,102480.83,252.43144
2025-05-09 17:00:00,102480.83,102888.0,102343.6,102780.34,217.04942
2025-05-09 17:15:00,102780.35,103050.0,102780.34,103031.4,224.04571
2025-05-09 17:30:00,103031.42,103205.99,102952.38,103126.0,131.48724
2025-05-09 17:45:00,103126.0,103227.82,103111.79,103199.99,105.50336
2025-05-09 18:00:00,103199.99,103246.11,103010.33,103107.71,107.51706
2025-05-09 18:15:00,103107.7,103216.69,102932.69,103178.93,90.55989
2025-05-09 18:30:00,103178.93,103350.0,103146.44,103317.12,116.65414
2025-05-09 18:45:00,103317.12,103370.54,103176.44,103176.46,84.65386
2025-05-09 19:00:00,103176.46,103285.68,103142.85,103142.85,73.36074
2025-05-09 19:15:00,103142.85,103142.86,102894.0,103000.0,127.95776
2025-05-09 19:30:00,103000.0,103104.73,102901.48,103089.52,74.86195
2025-05-09 19:45:00,103089.53,103206.92,103064.33,103189.17,102.69599
2025-05-09 20:00:00,103189.17,103408.0,103174.2,103311.68,111.19104
2025-05-09 20:15:00,103311.67,103353.46,103296.0,103318.08,65.27954
2025-05-09 20:30:00,103318.07,103318.08,103200.0,103225.98,81.72171
2025-05-09 20:45:00,103225.98,103238.11,103143.12,103183.94,92.43767
2025-05-09 21:00:00,103183.93,103215.46,103007.54,103007.55,86.85431
2025-05-09 21:15:00,103007.55,103076.88,102769.92,102923.07,150.52671
2025-05-09 21:30:00,102923.08,102991.78,102812.17,102812.17,72.52309
2025-05-09 21:45:00,102812.18,102985.0,102782.19,102984.99,66.68818
2025-05-09 22:00:00,102985.0,103070.41,102985.0,103018.64,80.53402
2025-05-09 22:15:00,103018.65,103047.62,102922.22,103047.61,73.51511
2025-05-09 22:30:00,103047.61,103067.43,102922.4,102949.71,43.20073
2025-05-09 22:45:00,102949.7,102956.0,102727.25,102784.66,143.66259
2025-05-09 23:00:00,102784.65,102870.0,102736.59,102870.0,59.42185
2025-05-09 23:15:00,102870.0,102968.26,102847.84,102934.19,91.58707
2025-05-09 23:30:00,102934.19,102980.0,102889.87,102930.16,55.50428
2025-05-09 23:45:00,102930.16,102972.0,102919.86,102971.99,43.18793
2025-05-10 00:00:00,102971.99,103095.24,102924.83,102999.99,198.82219
2025-05-10 00:15:00,102999.99,103100.0,102920.0,102936.51,205.79923
2025-05-10 00:30:00,102936.51,102986.84,102875.12,102875.43,105.45663
2025-05-10 00:45:00,102875.43,102946.09,102818.76,102865.7,96.53325
2025-05-10 01:00:00,102865.7,102981.34,102865.7,102957.63,79.59146
2025-05-10 01:15:00,102957.64,103085.88,102957.63,103064.19,124.99731
2025-05-10 01:30:00,103064.19,103119.99,103028.27,103028.27,76.21902
2025-05-10 01:45:00,103028.27,103075.11,102904.76,102987.5,140.96425
2025-05-10 02:00:00,102987.5,103052.01,102960.46,103052.01,122.21295
2025-05-10 02:15:00,103052.01,103079.99,102956.96,103009.37,66.19997
2025-05-10 02:30:00,103009.36,103228.01,103003.23,103185.24,94.94509
2025-05-10 02:45:00,103185.23,103265.82,103107.01,103147.96,84.00585
2025-05-10 03:00:00,103147.95,103169.94,103075.63,103105.3,66.44219
2025-05-10 03:15:00,103105.3,103105.31,102972.17,103023.33,144.53009
2025-05-10 03:30:00,103023.34,103180.0,103023.33,103180.0,80.62281
2025-05-10 03:45:00,103180.0,103233.48,103159.39,103226.24,101.55219
2025-05-10 04:00:00,103226.25,103226.25,103052.0,103120.15,148.85211
2025-05-10 04:15:00,103120.15,103200.0,103034.5,103126.99,65.33961
2025-05-10 04:30:00,103126.98,103179.13,103068.0,103142.85,39.26046
2025-05-10 04:45:00,103142.86,103184.68,103127.46,103152.48,38.09711
2025-05-10 05:00:00,103152.48,103200.0,103136.01,103148.5,72.95017
2025-05-10 05:15:00,103148.5,103300.96,103088.99,103182.15,162.88965
2025-05-10 05:30:00,103182.14,103238.1,103104.04,103234.85,50.77344
2025-05-10 05:45:00,103234.85,103361.0,103142.18,103361.0,112.5247
2025-05-10 06:00:00,103361.0,103495.57,103355.35,103389.87,225.07849
2025-05-10 06:15:00,103389.88,103715.92,103389.87,103715.91,275.83647
2025-05-10 06:30:00,103715.92,103872.81,103622.63,103640.87,229.22541
2025-05-10 06:45:00,103640.87,103947.36,103548.86,103930.71,236.02828
2025-05-10 07:00:00,103930.72,104100.0,103786.89,103797.95,358.97146
2025-05-10 07:15:00,103797.94,103874.69,103661.66,103730.15,188.82881
2025-05-10 07:30:00,103730.16,103815.59,103651.52,103651.52,87.38529
2025-05-10 07:45:00,103651.52,103874.69,103632.66,103759.71,180.68342
2025-05-10 08:00:00,103759.71,104079.37,103726.65,103802.85,385.51766
2025-05-10 08:15:00,103802.84,104000.0,103778.5,104000.0,127.53158
2025-05-10 08:30:00,103999.99,104000.0,103882.69,103888.88,111.8429
2025-05-10 08:45:00,103888.88,103913.3,103463.52,103634.92,222.56937
2025-05-10 09:00:00,103634.93,103666.67,103366.0,103471.35,239.38702
2025-05-10 09:15:00,103471.36,103634.93,103425.88,103589.5,94.34315
2025-05-10 09:30:00,103589.5,103911.78,103540.99,103744.88,143.5828
2025-05-10 09:45:00,103744.88,103875.63,103744.88,103761.91,70.92811
2025-05-10 10:00:00,103761.91,103888.88,103726.22,103817.92,95.60472
2025-05-10 10:15:00,103817.92,103883.2,103757.09,103761.91,71.88903
2025-05-10 10:30:00,103761.9,103850.0,103683.56,103729.49,149.85578
2025-05-10 10:45:00,103729.49,103800.3,103593.15,103593.15,312.04014
2025-05-10 11:00:00,103593.15,103654.31,103528.0,103620.0,98.72354
2025-05-10 11:15:00,103620.01,103633.08,103530.01,103557.16,275.97414
2025-05-10 11:30:00,103557.15,103559.38,103383.99,103463.26,251.75501
2025-05-10 11:45:00,103463.27,103507.71,103402.79,103434.94,224.72125
2025-05-10 12:00:00,103434.94,103659.98,103421.5,103605.56,239.2326
2025-05-10 12:15:00,103605.55,103787.83,103555.08,103733.93,163.24356
2025-05-10 12:30:00,103733.92,103825.4,103640.69,103652.07,136.30313
2025-05-10 12:45:00,103652.06,103729.43,103642.0,103695.98,112.92018
2025-05-10 13:00:00,103695.97,103800.0,103673.92,103680.01,102.52835
2025-05-10 13:15:00,103680.0,103680.01,103539.68,103602.71,105.86938
2025-05-10 13:30:00,103602.71,103651.82,103541.63,103591.86,79.28367
2025-05-10 13:45:00,103591.86,103718.01,103591.86,103628.86,97.05452
2025-05-10 14:00:00,103628.87,103666.67,103530.4,103549.51,105.42852
2025-05-10 14:15:00,103549.5,103561.47,103421.49,103495.02,78.92109
2025-05-10 14:30:00,103495.03,103543.69,103475.21,103543.69,52.55332
2025-05-10 14:45:00,103543.68,103615.47,103450.0,103520.41,126.57798
2025-05-10 15:00:00,103520.41,103529.89,103430.27,103487.79,55.75324
2025-05-10 15:15:00,103487.79,103493.2,103416.15,103476.19,74.71623
2025-05-10 15:30:00,103476.19,103497.36,103162.78,103317.47,166.33705
2025-05-10 15:45:00,103317.48,103400.0,103100.0,103138.77,236.82129
2025-05-10 16:00:00,103138.76,103265.63,103127.69,103253.19,163.91121
2025-05-10 16:15:00,103253.2,103500.0,103253.19,103318.32,215.60104
2025-05-10 16:30:00,103318.32,103493.71,103292.39,103371.39,86.3708
2025-05-10 16:45:00,103371.39,103457.78,103254.67,103435.22,122.73353
2025-05-10 17:00:00,103435.22,103500.0,103385.02,103390.75,140.55064
2025-05-10 17:15:00,103390.74,103523.81,103325.01,103423.59,112.12651
2025-05-10 17:30:00,103423.58,103619.68,103412.69,103430.94,209.13067
2025-05-10 17:45:00,103430.94,103464.19,103161.85,103176.88,399.21219
2025-05-10 18:00:00,103176.88,103317.47,103156.0,103314.29,138.75829
2025-05-10 18:15:00,103314.29,103314.3,103158.73,103242.45,99.29193
2025-05-10 18:30:00,103242.44,103248.53,103005.33,103147.81,165.13801
2025-05-10 18:45:00,103147.81,103314.84,103132.68,103252.88,157.08492
2025-05-10 19:00:00,103252.88,103265.26,103085.52,103085.53,96.26949
2025-05-10 19:15:00,103085.52,103238.08,103085.52,103224.41,91.874
2025-05-10 19:30:00,103224.41,103305.57,103210.0,103258.12,88.17477
2025-05-10 19:45:00,103258.11,103271.69,103149.99,103191.35,44.18487
2025-05-10 20:00:00,103191.35,103214.17,103068.87,103214.17,61.35291
2025-05-10 20:15:00,103214.17,103271.68,103191.69,103222.22,46.02691
2025-05-10 20:30:00,103222.23,103288.25,103222.22,103288.25,42.20705
2025-05-10 20:45:00,103288.24,103317.47,103166.0,103193.43,60.4267
2025-05-10 21:00:00,103193.43,103335.16,103166.0,103273.74,65.94711
2025-05-10 21:15:00,103273.73,103273.74,103216.0,103229.6,35.72428
2025-05-10 21:30:00,103229.6,103380.96,103228.98,103370.01,64.99985
2025-05-10 21:45:00,103370.01,103800.0,103349.61,103756.71,197.52024
2025-05-10 22:00:00,103756.72,103793.66,103570.83,103588.6,129.20589
2025-05-10 22:15:00,103588.6,103748.39,103544.02,103620.06,88.17109
2025-05-10 22:30:00,103620.06,103831.15,103620.06,103653.25,116.30425
2025-05-10 22:45:00,103653.24,103730.16,103585.12,103597.89,96.13999
2025-05-10 23:00:00,103597.53,103989.0,103571.42,103988.99,395.2635
2025-05-10 23:15:00,103988.99,104984.57,103988.99,104807.37,1879.66072
2025-05-10 23:30:00,104807.37,104841.27,104278.48,104384.91,325.04315
2025-05-10 23:45:00,104384.91,104809.53,104362.11,104809.53,318.94993
2025-05-11 00:00:00,104809.53,104972.0,104626.0,104636.0,418.20168
2025-05-11 00:15:00,104636.0,104663.47,103926.47,103926.47,421.03639
2025-05-11 00:30:00,103926.48,104415.44,103926.48,104414.84,310.65074
2025-05-11 00:45:00,104414.84,104599.63,104372.72,104428.58,302.47587
2025-05-11 01:00:00,104428.58,104536.76,104124.18,104492.06,227.28435
2025-05-11 01:15:00,104492.06,104499.55,104238.09,104389.45,143.70892
2025-05-11 01:30:00,104389.46,104500.0,104273.17,104410.22,142.63834
2025-05-11 01:45:00,104410.22,104410.22,103866.88,104135.32,204.28509
2025-05-11 02:00:00,104135.32,104148.92,103892.18,104021.72,183.74433
2025-05-11 02:15:00,104021.72,104268.97,104021.71,104142.85,99.73669
2025-05-11 02:30:00,104142.85,104280.13,104020.54,104055.62,121.95298
2025-05-11 02:45:00,104055.62,104126.31,103466.05,103781.06,686.60267
2025-05-11 03:00:00,103781.06,103870.16,103653.6,103857.14,222.44857
2025-05-11 03:15:00,103857.14,104000.0,103793.65,104000.0,144.38667
2025-05-11 03:30:00,103999.99,104053.37,103781.06,104045.43,92.80272
2025-05-11 03:45:00,104045.43,104195.12,104007.02,104007.03,133.6148
2025-05-11 04:00:00,104007.03,104400.0,103997.44,104334.37,211.23695
2025-05-11 04:15:00,104334.38,104365.08,104214.2,104234.58,68.83515
2025-05-11 04:30:00,104234.59,104287.03,104054.31,104166.49,208.4467
2025-05-11 04:45:00,104166.5,104189.62,104129.74,104153.72,31.6134
2025-05-11 05:00:00,104153.71,104201.61,104079.36,104119.99,37.88304
2025-05-11 05:15:00,104119.99,104120.0,103859.82,103869.5,189.74734
2025-05-11 05:30:00,103869.49,104020.91,103850.96,103984.13,77.82477
2025-05-11 05:45:00,103984.12,103999.0,103801.0,103840.0,110.06671
2025-05-11 06:00:00,103840.0,103903.65,103719.09,103810.72,357.87216
2025-05-11 06:15:00,103810.71,103974.98,103794.68,103952.39,110.08392
2025-05-11 06:30:00,103952.39,103988.39,103678.0,103765.79,288.06032
2025-05-11 06:45:00,103765.79,103870.89,103616.9,103864.52,162.01161
2025-05-11 07:00:00,103864.52,103882.26,103603.17,103708.92,387.63598
2025-05-11 07:15:00,103708.93,103806.95,103572.65,103669.06,163.5368
2025-05-11 07:30:00,103669.06,103699.68,103365.18,103410.8,189.16711
2025-05-11 07:45:00,103410.79,103581.09,103345.06,103385.47,358.74876
2025-05-11 08:00:00,103385.46,103800.0,103380.95,103799.99,198.93069
2025-05-11 08:15:00,103800.0,104028.0,103799.99,103851.53,134.16555
2025-05-11 08:30:00,103851.52,103966.73,103737.02,103953.07,177.18595
2025-05-11 08:45:00,103953.06,103953.07,103784.25,103825.39,63.29331
2025-05-11 09:00:00,103825.39,104250.0,103820.0,104250.0,210.71788
2025-05-11 09:15:00,104250.0,104313.33,104112.0,104301.57,121.50577
2025-05-11 09:30:00,104301.57,104317.18,104228.68,104260.77,56.23627
2025-05-11 09:45:00,104260.78,104469.23,104260.77,104347.94,228.00192
2025-05-11 10:00:00,104347.93,104404.98,104262.09,104275.28,102.82322
2025-05-11 10:15:00,104275.28,104492.07,104193.66,104492.07,128.94519
2025-05-11 10:30:00,104492.07,104510.0,104365.07,104366.3,154.04088
2025-05-11 10:45:00,104366.3,104668.36,104351.26,104644.0,285.06742
2025-05-11 11:00:00,104644.0,104777.0,104382.34,104415.59,274.30438
2025-05-11 11:15:00,104415.58,104538.0,104351.27,104526.07,101.09982
2025-05-11 11:30:00,104526.07,104538.63,104402.52,104512.46,119.86303
2025-05-11 11:45:00,104512.46,104682.54,104408.67,104652.01,116.47378
2025-05-11 12:00:00,104652.01,104888.0,104635.07,104843.33,481.97996
2025-05-11 12:15:00,104843.33,104843.34,104633.04,104668.16,195.75322
2025-05-11 12:30:00,104668.17,104790.89,104525.23,104570.39,128.82256
2025-05-11 12:45:00,104570.39,104794.48,104564.73,104601.9,125.15584
2025-05-11 13:00:00,104601.89,104666.67,104530.4,104598.09,137.10061
2025-05-11 13:15:00,104598.1,104598.1,104250.8,104329.94,170.47143
2025-05-11 13:30:00,104329.95,104515.3,104168.0,104320.0,407.14433
2025-05-11 13:45:00,104320.0,104421.9,103934.18,103959.99,385.61405
2025-05-11 14:00:00,103959.99,104055.49,103905.86,103949.99,197.62128
2025-05-11 14:15:00,103949.99,104047.62,103775.91,103907.63,672.09779
2025-05-11 14:30:00,103907.62,104281.3,103880.0,104242.25,370.91976
2025-05-11 14:45:00,104242.26,104290.97,104107.3,104160.0,250.52404
2025-05-11 15:00:00,104160.0,104559.77,104070.98,104497.69,299.62554
2025-05-11 15:15:00,104497.69,104682.54,104294.91,104352.22,179.35359
2025-05-11 15:30:00,104352.23,104439.96,104260.55,104277.43,69.56255
2025-05-11 15:45:00,104277.44,104377.18,103911.61,104150.0,428.76639
2025-05-11 16:00:00,104150.0,104176.0,103803.25,104038.28,262.51064
2025-05-11 16:15:00,104038.28,104089.08,103750.0,104084.78,257.51513
2025-05-11 16:30:00,104084.79,104128.0,103906.16,103952.38,110.21508
2025-05-11 16:45:00,103952.39,103984.13,103812.63,103984.13,69.85022
2025-05-11 17:00:00,103984.12,104044.9,103830.71,104039.44,156.67504
2025-05-11 17:15:00,104039.44,104148.93,103793.65,103920.64,106.39799
2025-05-11 17:30:00,103920.63,104015.88,103812.0,104015.87,98.76635
2025-05-11 17:45:00,104015.87,104094.75,103906.55,104036.7,84.1873
2025-05-11 18:00:00,104036.7,104111.12,103873.86,103921.41,87.23357
2025-05-11 18:15:00,103921.4,104047.62,103880.0,103920.63,66.80231
2025-05-11 18:30:00,103920.63,104614.67,103857.14,104488.58,319.822
2025-05-11 18:45:00,104488.58,104832.82,104488.58,104528.19,274.23095
2025-05-11 19:00:00,104528.19,104650.8,104428.57,104587.3,142.76873
2025-05-11 19:15:00,104587.3,104635.12,104459.9,104520.9,93.65822
2025-05-11 19:30:00,104520.9,104619.05,104450.0,104450.01,84.58008
2025-05-11 19:45:00,104450.01,104580.13,104354.67,104420.0,96.95878
2025-05-11 20:00:00,104420.0,104434.54,104162.78,104380.96,105.96611
2025-05-11 20:15:00,104380.95,104420.51,104250.0,104382.5,76.83644
2025-05-11 20:30:00,104382.5,104442.78,104286.38,104300.4,66.64083
2025-05-11 20:45:00,104300.41,104319.79,104240.0,104269.85,42.65354
2025-05-11 21:00:00,104269.85,104284.88,103984.12,104012.83,96.79929
2025-05-11 21:15:00,104012.83,104238.11,104012.82,104191.85,67.95491
2025-05-11 21:30:00,104191.84,104203.38,103952.38,104079.36,68.46917
2025-05-11 21:45:00,104079.36,104388.0,104028.83,104349.0,90.86041
2025-05-11 22:00:00,104349.01,104578.62,103801.45,104103.86,300.05106
2025-05-11 22:15:00,104102.31,104200.0,103857.14,103952.29,134.70051
2025-05-11 22:30:00,103952.29,104022.67,103569.77,103577.22,202.9198
2025-05-11 22:45:00,103577.23,103809.52,103570.87,103793.67,103.04559
2025-05-11 23:00:00,103793.67,103997.6,103761.9,103884.02,141.91908
2025-05-11 23:15:00,103884.02,104015.88,103814.36,103981.28,81.53001
2025-05-11 23:30:00,103981.29,104008.44,103774.59,104006.99,82.66308
2025-05-11 23:45:00,104006.98,104142.86,103920.0,104118.0,230.43022
2025-05-12 00:00:00,104118.0,104329.84,104074.15,104328.04,166.23753
2025-05-12 00:15:00,104328.04,104469.23,104282.51,104395.97,279.74739
2025-05-12 00:30:00,104395.98,104631.71,104337.98,104350.83,259.88806
2025-05-12 00:45:00,104350.84,104635.48,104311.67,104587.31,158.69805
2025-05-12 01:00:00,104587.31,105086.42,104526.32,104748.0,1076.07642
2025-05-12 01:15:00,104747.99,104784.23,104171.48,104280.01,277.07296
2025-05-12 01:30:00,104280.01,104295.01,103764.5,104021.7,363.3384
2025-05-12 01:45:00,104021.71,104095.24,103900.0,103984.14,178.00186
2025-05-12 02:00:00,103984.14,104200.0,103935.76,104009.48,192.78381
2025-05-12 02:15:00,104009.48,104204.08,103893.42,103957.59,168.59083
2025-05-12 02:30:00,103957.59,104121.78,103888.0,103908.53,148.81992
2025-05-12 02:45:00,103908.53,103999.98,103710.66,103885.72,202.16335
2025-05-12 03:00:00,103885.73,103899.98,103702.15,103885.52,178.32773
2025-05-12 03:15:00,103885.52,104047.62,103768.0,103868.04,139.12615
2025-05-12 03:30:00,103868.05,103965.0,103800.0,103942.86,72.01874
2025-05-12 03:45:00,103942.87,104100.13,103880.34,104100.13,185.43765
2025-05-12 04:00:00,104100.13,104120.0,103963.09,104056.0,69.33102
2025-05-12 04:15:00,104056.0,104164.77,103816.47,103888.89,136.65843
2025-05-12 04:30:00,103888.89,104000.96,103850.01,103979.49,129.13854
2025-05-12 04:45:00,103979.5,104117.64,103918.35,104072.7,115.86349
2025-05-12 05:00:00,104072.7,104072.71,103860.0,103920.23,107.95534
2025-05-12 05:15:00,103920.22,103954.2,103780.0,103806.21,145.26721
2025-05-12 05:30:00,103806.21,103965.03,103750.0,103965.02,126.0579
2025-05-12 05:45:00,103965.02,104000.0,103844.52,103940.0,79.87422
2025-05-12 06:00:00,103939.99,104000.0,103826.36,103939.34,83.79657
2025-05-12 06:15:00,103939.33,104220.19,103800.0,104201.45,104.25946
2025-05-12 06:30:00,104201.44,104368.87,104180.38,104345.33,172.83331
2025-05-12 06:45:00,104345.33,104411.58,104282.73,104384.8,141.93904
2025-05-12 07:00:00,104384.81,105819.45,104384.81,105600.0,2733.6271
2025-05-12 07:15:00,105600.0,105747.61,105235.74,105452.23,894.79787
2025-05-12 07:30:00,105452.23,105700.0,104665.59,104727.97,1125.79036
2025-05-12 07:45:00,104727.98,104752.03,104152.84,104467.99,789.39696
2025-05-12 08:00:00,104467.99,104528.92,104077.7,104296.96,366.87856
2025-05-12 08:15:00,104296.96,104435.1,104141.0,104291.98,207.63526
2025-05-12 08:30:00,104291.99,104533.36,104222.22,104524.99,246.51692
2025-05-12 08:45:00,104525.0,104736.45,104500.25,104614.04,250.99271
2025-05-12 09:00:00,104614.05,104682.68,104403.5,104412.65,272.3554
2025-05-12 09:15:00,104412.64,104539.69,104375.0,104517.94,245.26223
2025-05-12 09:30:00,104517.94,104539.54,104380.95,104518.91,204.8524
2025-05-12 09:45:00,104518.91,104530.39,104375.0,104459.34,167.72408
2025-05-12 10:00:00,104459.33,104535.0,104212.54,104275.49,376.68916
2025-05-12 10:15:00,104275.5,104338.68,104150.0,104332.2,219.19296
2025-05-12 10:30:00,104332.19,104539.69,104286.19,104388.0,145.73422
2025-05-12 10:45:00,104388.01,104527.63,104329.54,104527.62,140.31925
2025-05-12 11:00:00,104527.62,104628.0,104388.52,104482.1,217.03906
2025-05-12 11:15:00,104482.09,104507.94,104310.85,104378.74,221.68601
2025-05-12 11:30:00,104378.73,104380.96,104160.0,104164.34,171.19542
2025-05-12 11:45:00,104164.33,104259.21,103625.0,103762.9,741.52881
2025-05-12 12:00:00,103762.89,103952.39,103729.04,103945.04,442.03229
2025-05-12 12:15:00,103945.05,104031.75,103796.0,104000.04,303.20773
2025-05-12 12:30:00,104000.05,104145.41,103877.61,104117.41,370.91573
2025-05-12 12:45:00,104117.42,104117.42,103876.13,103881.15,434.97907
2025-05-12 13:00:00,103881.14,104224.79,103874.86,104209.08,221.81793
2025-05-12 13:15:00,104209.08,104371.09,104151.99,104159.07,270.47234
2025-05-12 13:30:00,104159.07,104435.0,103675.57,103801.89,497.40701
2025-05-12 13:45:00,103801.9,104629.96,103801.9,104319.99,491.53836
2025-05-12 14:00:00,104320.0,104400.0,103942.54,104000.01,569.28945
2025-05-12 14:15:00,104000.01,104247.02,102654.27,102953.74,1056.13048
2025-05-12 14:30:00,102953.74,103482.63,102544.25,103448.99,901.68634
2025-05-12 14:45:00,103448.99,103449.0,102730.51,102799.99,512.34908
2025-05-12 15:00:00,102799.99,103034.34,102433.41,102946.56,791.73726
2025-05-12 15:15:00,102946.56,103206.35,102771.73,102963.31,287.4457
2025-05-12 15:30:00,102963.31,102984.13,102511.12,102611.9,312.83507
2025-05-12 15:45:00,102611.91,102726.81,102388.0,102527.26,418.40064
2025-05-12 16:00:00,102527.27,102800.0,102421.83,102799.99,315.65025
2025-05-12 16:15:00,102799.99,103028.0,102799.99,102984.12,257.41142
2025-05-12 16:30:00,102984.13,103012.55,102752.45,102903.17,244.76151
2025-05-12 16:45:00,102903.18,103075.09,102840.01,102856.06,168.20309
2025-05-12 17:00:00,102856.07,103088.88,102814.03,103000.01,167.84206
2025-05-12 17:15:00,103000.0,103037.62,102684.79,102920.63,183.5356
2025-05-12 17:30:00,102920.63,102998.99,102772.11,102772.16,134.20291
2025-05-12 17:45:00,102772.15,102882.5,102529.52,102556.19,184.17217
2025-05-12 18:00:00,102556.2,102660.54,101800.0,101965.65,918.88058
2025-05-12 18:15:00,101965.64,102247.34,101626.08,101643.78,374.77131
2025-05-12 18:30:00,101643.51,101751.71,101075.5,101202.99,741.21082
2025-05-12 18:45:00,101202.98,101777.66,100718.37,101630.59,1073.33895
2025-05-12 19:00:00,101630.59,102031.75,101573.96,101859.35,475.67859
2025-05-12 19:15:00,101859.34,102122.02,101627.12,101670.42,374.41653
2025-05-12 19:30:00,101670.42,101883.46,101459.7,101556.96,197.05423
2025-05-12 19:45:00,101556.97,101933.11,101556.97,101860.0,243.51241
2025-05-12 20:00:00,101859.99,102008.0,101770.2,101838.05,117.39236
2025-05-12 20:15:00,101838.05,102282.45,101838.05,102249.99,262.25258
2025-05-12 20:30:00,102249.99,102659.91,102212.0,102530.13,206.11094
2025-05-12 20:45:00,102530.12,102881.39,102458.12,102678.51,201.25008
2025-05-12 21:00:00,102678.52,102743.43,102500.0,102517.56,113.38472
2025-05-12 21:15:00,102517.55,102627.75,102352.94,102354.13,137.28573
2025-05-12 21:30:00,102354.13,102619.05,102352.86,102533.74,92.74674
2025-05-12 21:45:00,102533.74,102628.07,102426.3,102510.1,135.82129
2025-05-12 22:00:00,102509.36,102626.11,102352.9,102547.35,136.62704
2025-05-12 22:15:00,102547.3,102789.36,102543.16,102747.07,79.90965
2025-05-12 22:30:00,102747.07,102899.0,102723.99,102810.83,141.67357
2025-05-12 22:45:00,102810.82,102941.06,102791.36,102856.38,91.06987
2025-05-12 23:00:00,102856.59,102992.66,102856.59,102916.42,107.77099
2025-05-12 23:15:00,102916.43,103127.92,102916.42,103100.02,129.04716
2025-05-12 23:30:00,103100.02,103102.77,102825.39,102868.54,113.0025
2025-05-12 23:45:00,102868.53,102952.39,102791.31,102791.32,72.02767
2025-05-13 00:00:00,102791.32,102791.32,102546.0,102584.04,235.77036
2025-05-13 00:15:00,102584.04,102646.88,102407.03,102529.57,147.27615
2025-05-13 00:30:00,102530.14,102550.0,102210.48,102246.65,163.55632
2025-05-13 00:45:00,102246.64,102432.61,102165.39,102260.01,202.6793
2025-05-13 01:00:00,102260.0,102634.9,102242.42,102544.0,263.14337
2025-05-13 01:15:00,102544.0,102714.29,102460.75,102478.39,168.02569
2025-05-13 01:30:00,102478.38,102539.69,102072.0,102249.99,181.07807
2025-05-13 01:45:00,102250.0,102500.0,102190.47,102400.48,103.86989
2025-05-13 02:00:00,102400.48,102701.82,102067.76,102095.46,255.47444
2025-05-13 02:15:00,102095.46,102285.72,101696.84,102285.71,355.48011
2025-05-13 02:30:00,102285.72,102300.0,101901.6,101919.11,168.16454
2025-05-13 02:45:00,101919.11,102090.16,101800.0,102067.99,145.54672
2025-05-13 03:00:00,102067.98,102166.99,101845.73,102041.25,156.79974
2025-05-13 03:15:00,102041.26,102058.05,101510.0,101602.31,237.45197
2025-05-13 03:30:00,101602.31,101855.02,101429.7,101842.29,421.62366
2025-05-13 03:45:00,101842.29,101842.29,101622.88,101719.4,146.40111
2025-05-13 04:00:00,101719.4,101937.12,101610.56,101900.0,172.10082
2025-05-13 04:15:00,101900.56,102382.59,101888.24,102373.75,266.06885
2025-05-13 04:30:00,102373.75,102666.6,102373.75,102562.52,412.22645
2025-05-13 04:45:00,102562.52,102767.24,102562.52,102745.71,281.8453
2025-05-13 05:00:00,102745.72,102745.72,102592.01,102665.48,296.20399
2025-05-13 05:15:00,102665.48,102684.88,102553.84,102560.0,239.93765
2025-05-13 05:30:00,102560.0,102578.0,102264.34,102284.33,187.34402
2025-05-13 05:45:00,102284.33,102486.7,102271.31,102477.15,277.50747
2025-05-13 06:00:00,102477.16,102688.77,102477.15,102635.06,310.85111
2025-05-13 06:15:00,102635.06,102666.93,102333.33,102365.0,243.77337
2025-05-13 06:30:00,102365.0,102592.97,102350.75,102574.71,139.67324
2025-05-13 06:45:00,102574.72,102613.0,102441.0,102552.0,170.7923
2025-05-13 07:00:00,102552.01,102772.98,102552.0,102726.61,152.58633
2025-05-13 07:15:00,102726.62,102943.28,102690.0,102800.0,133.28364
2025-05-13 07:30:00,102800.0,102837.5,102648.45,102665.34,126.39185
2025-05-13 07:45:00,102665.34,102735.84,102635.13,102665.5,136.3059
2025-05-13 08:00:00,102665.5,102926.16,102665.5,102901.34,129.34439
2025-05-13 08:15:00,102901.34,102958.81,102540.18,102571.99,291.58143
2025-05-13 08:30:00,102571.99,102831.94,102563.19,102741.19,75.89528
2025-05-13 08:45:00,102742.49,102803.26,102664.79,102722.0,78.07788
2025-05-13 09:00:00,102722.0,102984.13,102722.0,102984.13,157.21091
2025-05-13 09:15:00,102984.12,103299.87,102984.12,103258.44,314.49348
2025-05-13 09:30:00,103258.44,103440.0,103214.61,103348.96,281.87854
2025-05-13 09:45:00,103348.96,103511.2,103348.96,103457.03,244.03832
2025-05-13 10:00:00,103457.02,103524.99,103343.23,103418.62,343.23308
2025-05-13 10:15:00,103418.62,103500.0,103273.84,103494.92,244.76854
2025-05-13 10:30:00,103494.92,103550.0,103389.51,103461.7,130.78972
2025-05-13 10:45:00,103461.71,103612.37,103428.57,103557.72,90.54238
2025-05-13 11:00:00,103557.72,103564.39,103453.99,103453.99,75.55898
2025-05-13 11:15:00,103454.0,103653.68,103453.99,103608.62,104.87713
2025-05-13 11:30:00,103608.61,103816.71,103573.11,103816.68,131.52873
2025-05-13 11:45:00,103816.68,103822.03,103627.53,103729.2,103.64712
2025-05-13 12:00:00,103729.2,103819.51,103464.0,103520.02,230.49283
2025-05-13 12:15:00,103520.02,103677.9,103455.41,103555.1,165.35276
2025-05-13 12:30:00,103555.09,103966.0,103338.23,103734.84,824.40529
2025-05-13 12:45:00,103734.84,103842.96,103565.01,103682.52,191.44592
2025-05-13 13:00:00,103682.52,103788.0,103490.77,103549.89,191.2677
2025-05-13 13:15:00,103549.89,103830.99,103543.56,103786.6,195.33213
2025-05-13 13:30:00,103786.6,103932.2,103547.0,103590.8,248.48271
2025-05-13 13:45:00,103590.8,103811.06,103394.93,103715.87,223.26693
2025-05-13 14:00:00,103715.87,103746.04,102991.55,103082.14,389.18587
2025-05-13 14:15:00,103082.14,103436.0,102811.32,103390.91,519.29464
2025-05-13 14:30:00,103390.9,103394.7,103030.0,103124.41,166.76953
2025-05-13 14:45:00,103124.41,103258.31,102904.76,103191.65,260.78573
2025-05-13 15:00:00,103191.64,103873.02,103132.15,103740.43,403.32459
2025-05-13 15:15:00,103740.43,103829.21,103571.42,103672.69,128.81822
2025-05-13 15:30:00,103672.7,103739.06,103461.79,103632.95,166.21905
2025-05-13 15:45:00,103632.94,103714.29,103422.68,103682.55,146.93888
2025-05-13 16:00:00,103682.54,104338.38,103532.18,104314.44,518.84508
2025-05-13 16:15:00,104314.43,104394.61,103982.03,104151.02,337.12153
2025-05-13 16:30:00,104151.02,104253.06,103930.48,103943.13,223.2557
2025-05-13 16:45:00,103943.13,103988.0,103714.28,103725.85,216.9222
2025-05-13 17:00:00,103725.85,103964.93,103714.28,103879.99,132.81563
2025-05-13 17:15:00,103880.0,104040.0,103786.81,103835.84,157.69315
2025-05-13 17:30:00,103835.83,104063.5,103712.5,104057.92,166.15719
2025-05-13 17:45:00,104057.92,104310.0,104030.14,104268.17,281.22012
2025-05-13 18:00:00,104268.17,104426.97,104173.26,104426.96,248.86128
2025-05-13 18:15:00,104426.96,104428.58,104285.71,104349.2,123.14532
2025-05-13 18:30:00,104349.2,104388.73,104129.36,104130.07,143.98027
2025-05-13 18:45:00,104130.06,104377.7,104081.85,104354.19,151.52656
2025-05-13 19:00:00,104354.19,104380.0,104158.73,104271.47,137.07513
2025-05-13 19:15:00,104271.47,104666.0,104177.39,104589.68,401.81359
2025-05-13 19:30:00,104589.68,104880.0,104551.19,104839.99,901.8184
2025-05-13 19:45:00,104840.0,104976.25,104442.86,104792.22,911.20084
2025-05-13 20:00:00,104792.21,104928.0,104400.0,104582.08,288.53585
2025-05-13 20:15:00,104582.08,104595.55,104421.59,104514.56,126.24127
2025-05-13 20:30:00,104514.57,104666.67,104450.49,104512.94,86.32465
2025-05-13 20:45:00,104512.94,104705.62,104468.35,104562.39,100.8514
2025-05-13 21:00:00,104562.4,104613.32,104280.33,104280.33,94.51979
2025-05-13 21:15:00,104280.34,104523.81,104179.0,104507.95,118.80785
2025-05-13 21:30:00,104507.95,104592.86,104305.63,104317.47,92.46212
2025-05-13 21:45:00,104317.46,104384.75,104230.14,104342.71,85.47731
2025-05-13 22:00:00,104342.7,104432.03,104176.82,104213.55,142.56337
2025-05-13 22:15:00,104213.55,104326.58,104117.79,104258.68,178.21036
2025-05-13 22:30:00,104258.68,104346.11,104141.61,104237.37,90.29823
2025-05-13 22:45:00,104237.38,104259.29,104100.0,104128.5,91.65315
2025-05-13 23:00:00,104128.5,104182.21,103869.01,104135.35,174.42955
2025-05-13 23:15:00,104135.34,104190.48,103958.37,103985.16,69.46425
2025-05-13 23:30:00,103985.17,104158.74,103985.16,104147.61,59.47869
2025-05-13 23:45:00,104147.61,104285.66,104103.72,104103.72,252.57184
2025-05-14 00:00:00,104103.72,104115.86,103896.61,103951.36,595.03215
2025-05-14 00:15:00,103951.37,104087.08,103818.47,103904.76,174.60393
2025-05-14 00:30:00,103904.76,104017.35,103763.85,103839.99,133.7609
2025-05-14 00:45:00,103840.0,104003.68,103809.65,103920.76,135.19781
2025-05-14 01:00:00,103920.77,104037.98,103825.63,104031.74,220.86013
2025-05-14 01:15:00,104031.74,104058.94,103825.73,103893.02,139.03679
2025-05-14 01:30:00,103893.03,104076.17,103873.01,104018.33,218.74522
2025-05-14 01:45:00,104018.32,104082.71,103700.0,103734.82,496.12067
2025-05-14 02:00:00,103734.81,103786.21,103496.82,103721.96,236.13034
2025-05-14 02:15:00,103721.97,103750.0,103587.3,103601.08,97.89935
2025-05-14 02:30:00,103601.09,103752.01,103571.42,103752.0,81.23857
2025-05-14 02:45:00,103752.0,103752.01,103609.36,103713.27,66.34563
2025-05-14 03:00:00,103713.27,103777.78,103526.32,103650.1,73.15816
2025-05-14 03:15:00,103650.1,103650.8,103503.4,103524.98,82.77477
2025-05-14 03:30:00,103524.99,103600.0,103453.26,103600.0,126.35319
2025-05-14 03:45:00,103599.99,103609.85,103539.48,103587.44,133.46076
2025-05-14 04:00:00,103587.44,103587.44,103471.36,103549.19,65.44288
2025-05-14 04:15:00,103549.19,103682.54,103482.73,103670.9,79.01946
2025-05-14 04:30:00,103670.9,103837.55,103611.42,103796.32,165.33314
2025-05-14 04:45:00,103796.33,103842.98,103709.09,103743.02,118.02386
2025-05-14 05:00:00,103743.02,103896.0,103706.86,103751.67,117.87238
2025-05-14 05:15:00,103751.66,103841.27,103743.33,103743.33,49.07056
2025-05-14 05:30:00,103743.34,103841.27,103687.13,103833.69,147.85351
2025-05-14 05:45:00,103833.69,103971.0,103815.46,103896.71,192.08991
2025-05-14 06:00:00,103896.7,103952.39,103785.16,103848.51,124.40372
2025-05-14 06:15:00,103848.5,103893.09,103702.17,103770.36,104.78692
2025-05-14 06:30:00,103770.36,103782.97,103681.76,103725.27,76.43044
2025-05-14 06:45:00,103725.28,103804.62,103662.82,103757.5,75.70157
2025-05-14 07:00:00,103757.5,103757.5,103631.08,103631.08,117.94288
2025-05-14 07:15:00,103631.09,103631.09,103381.02,103489.64,195.86309
2025-05-14 07:30:00,103489.64,103648.09,103422.61,103648.08,166.19583
2025-05-14 07:45:00,103648.08,103800.0,103637.72,103716.55,306.22384
2025-05-14 08:00:00,103716.55,103888.0,103464.29,103569.03,354.85268
2025-05-14 08:15:00,103569.02,103721.68,103498.94,103644.83,97.64603
2025-05-14 08:30:00,103644.83,103720.0,103500.0,103719.99,106.23559
2025-05-14 08:45:00,103719.99,103737.07,103187.0,103200.0,497.89923
2025-05-14 09:00:00,103200.0,103300.78,102875.22,103129.57,597.17195
2025-05-14 09:15:00,103129.58,103336.43,103129.47,103334.86,245.83204
2025-05-14 09:30:00,103334.86,103348.88,103180.9,103234.06,228.3902
2025-05-14 09:45:00,103234.06,103496.05,103234.06,103485.73,120.30608
2025-05-14 10:00:00,103485.73,103662.18,103460.72,103651.07,264.02091
2025-05-14 10:15:00,103651.06,103929.32,103553.31,103829.02,193.63164
2025-05-14 10:30:00,103829.03,103881.62,103768.8,103809.52,134.90329
2025-05-14 10:45:00,103809.52,103847.71,103650.21,103708.49,111.83316
2025-05-14 11:00:00,103708.5,103952.39,103708.5,103952.39,147.67492
2025-05-14 11:15:00,103952.39,103990.0,103848.45,103905.5,104.27097
2025-05-14 11:30:00,103905.5,104145.0,103905.5,104085.97,194.39444
2025-05-14 11:45:00,104085.97,104085.97,103910.84,103944.93,136.69988
2025-05-14 12:00:00,103944.93,104105.12,103907.45,104054.94,134.47361
2025-05-14 12:15:00,104054.94,104188.0,104009.82,104016.68,160.36063
2025-05-14 12:30:00,104016.69,104200.0,103942.02,104200.0,97.02277
2025-05-14 12:45:00,104199.99,104208.77,103969.9,103999.99,96.67348
2025-05-14 13:00:00,103999.99,104051.41,103833.82,104042.25,246.51227
2025-05-14 13:15:00,104042.25,104120.0,103938.42,104095.23,152.53034
2025-05-14 13:30:00,104095.23,104356.95,103692.3,103712.79,722.92793
2025-05-14 13:45:00,103712.8,103970.88,103492.06,103970.87,785.29561
2025-05-14 14:00:00,103970.87,103971.88,103348.89,103470.38,614.53941
2025-05-14 14:15:00,103470.64,103475.79,103081.2,103081.2,748.84574
2025-05-14 14:30:00,103081.2,103346.15,102902.0,103286.35,403.71855
2025-05-14 14:45:00,103286.36,103468.99,103170.75,103265.46,182.99252
2025-05-14 15:00:00,103265.47,103291.0,102833.55,103291.0,374.49141
2025-05-14 15:15:00,103290.99,103423.88,103091.76,103417.03,153.3218
2025-05-14 15:30:00,103417.03,103523.81,103306.32,103398.84,196.56217
2025-05-14 15:45:00,103398.83,103555.56,103206.89,103514.24,131.77622
2025-05-14 16:00:00,103514.24,103614.61,103431.51,103607.27,116.96133
2025-05-14 16:15:00,103607.28,103607.28,103300.0,103460.31,102.48964
2025-05-14 16:30:00,103460.31,103598.1,103363.08,103385.46,138.508
2025-05-14 16:45:00,103385.47,103484.0,103173.55,103363.65,117.49074
2025-05-14 17:00:00,103363.66,103428.58,103074.96,103136.93,160.22788
2025-05-14 17:15:00,103136.93,103144.12,102602.05,102880.67,261.84117
2025-05-14 17:30:00,102880.67,103153.1,102857.14,103094.17,84.73326
2025-05-14 17:45:00,103094.17,103255.34,103062.71,103246.79,88.54902
2025-05-14 18:00:00,103246.78,103299.98,103088.0,103130.84,76.6225
2025-05-14 18:15:00,103130.84,103460.31,103029.45,103247.63,162.89907
2025-05-14 18:30:00,103247.62,103456.65,103183.68,103301.58,66.34104
2025-05-14 18:45:00,103301.59,103523.81,103221.16,103523.81,88.11954
2025-05-14 19:00:00,103523.8,103576.0,103459.04,103548.41,87.32887
2025-05-14 19:15:00,103548.4,103720.44,103538.11,103540.21,147.46321
2025-05-14 19:30:00,103540.21,103550.29,103448.48,103493.57,74.56213
2025-05-14 19:45:00,103493.57,103493.57,103243.0,103321.72,82.83944
2025-05-14 20:00:00,103321.73,103492.07,103304.66,103320.18,60.6823
2025-05-14 20:15:00,103320.17,103450.65,103320.17,103431.33,29.50375
2025-05-14 20:30:00,103431.32,103510.0,103384.76,103506.03,36.41121
2025-05-14 20:45:00,103506.04,103658.35,103501.36,103555.51,68.53706
2025-05-14 21:00:00,103555.52,103575.63,103434.55,103467.05,60.8323
2025-05-14 21:15:00,103467.05,103555.56,103467.05,103529.62,26.67053
2025-05-14 21:30:00,103529.63,103614.69,103445.45,103558.77,46.85053
2025-05-14 21:45:00,103558.77,103667.52,103549.62,103647.39,51.901
2025-05-14 22:00:00,103647.39,103658.3,103472.17,103472.18,48.54772
2025-05-14 22:15:00,103472.18,103550.53,103472.17,103537.23,26.67248
2025-05-14 22:30:00,103537.23,103540.0,103455.81,103467.96,27.00087
2025-05-14 22:45:00,103467.96,103523.81,103430.63,103511.46,37.151
2025-05-14 23:00:00,103511.46,103544.51,103400.94,103544.51,46.97564
2025-05-14 23:15:00,103544.51,103548.81,103357.77,103548.8,80.04648
2025-05-14 23:30:00,103548.8,103592.14,103535.87,103535.88,59.53135
2025-05-14 23:45:00,103535.88,103608.73,103507.82,103507.82,37.83721
2025-05-15 00:00:00,103507.83,103705.0,103492.06,103704.99,73.85147
2025-05-15 00:15:00,103704.99,103827.45,103704.99,103768.24,87.67956
2025-05-15 00:30:00,103768.24,103841.27,103688.54,103841.27,75.74732
2025-05-15 00:45:00,103841.26,103866.51,103765.16,103801.85,79.20731
2025-05-15 01:00:00,103801.85,103801.86,103571.43,103582.9,73.56067
2025-05-15 01:15:00,103582.89,103666.67,103450.42,103475.19,83.82907
2025-05-15 01:30:00,103475.2,103496.4,103179.29,103272.4,184.41743
2025-05-15 01:45:00,103272.39,103332.08,102968.16,103033.52,226.86495
2025-05-15 02:00:00,103033.51,103206.35,102968.82,103053.84,147.15477
2025-05-15 02:15:00,103053.85,103155.59,102952.38,103009.72,91.29286
2025-05-15 02:30:00,103009.72,103047.62,102916.05,102950.67,89.26137
2025-05-15 02:45:00,102950.68,103159.3,102921.0,103047.62,118.52175
2025-05-15 03:00:00,103047.62,103142.86,102863.91,102874.27,123.88229
2025-05-15 03:15:00,102874.28,102994.96,102800.0,102926.6,120.11006
2025-05-15 03:30:00,102926.6,102959.33,102832.79,102847.07,125.40037
2025-05-15 03:45:00,102847.08,102888.0,102720.0,102753.63,97.01596
2025-05-15 04:00:00,102753.62,102902.24,102711.0,102740.09,127.22561
2025-05-15 04:15:00,102740.08,102910.12,102740.08,102839.37,79.12635
2025-05-15 04:30:00,102839.37,102962.38,102800.0,102876.76,82.79032
2025-05-15 04:45:00,102876.76,102917.71,102770.63,102891.76,62.62702
2025-05-15 05:00:00,102891.76,102922.17,102625.0,102625.0,104.79426
2025-05-15 05:15:00,102625.0,102656.79,102547.5,102559.55,145.41393
2025-05-15 05:30:00,102559.55,102633.35,102388.0,102491.11,136.22023
2025-05-15 05:45:00,102491.12,102506.13,102336.7,102375.31,132.99022
2025-05-15 06:00:00,102375.31,102577.55,102333.35,102556.99,270.32687
2025-05-15 06:15:00,102556.99,102686.1,102475.99,102634.92,140.71013
2025-05-15 06:30:00,102634.92,102649.59,102140.0,102190.47,186.27452
2025-05-15 06:45:00,102190.48,102285.72,102176.57,102247.4,116.8407
2025-05-15 07:00:00,102247.41,102440.0,102088.0,102088.01,151.96352
2025-05-15 07:15:00,102088.0,102126.99,101888.0,101893.34,244.3467
2025-05-15 07:30:00,101893.34,101986.85,101785.0,101888.7,210.77528
2025-05-15 07:45:00,101888.71,101888.71,101724.17,101779.99,161.23663
2025-05-15 08:00:00,101779.99,102063.5,101758.97,101976.37,169.58702
2025-05-15 08:15:00,101976.36,102095.24,101900.0,102055.98,100.71903
2025-05-15 08:30:00,102055.98,102307.5,102036.26,102173.89,201.56825
2025-05-15 08:45:00,102173.89,102327.0,102159.47,102274.65,122.97811
2025-05-15 09:00:00,102274.65,102274.66,102007.5,102007.5,119.7335
2025-05-15 09:15:00,102007.51,102060.0,101874.5,101977.19,166.05394
2025-05-15 09:30:00,101977.19,101992.41,101617.08,101699.63,241.34729
2025-05-15 09:45:00,101699.62,101969.74,101500.0,101823.39,333.1901
2025-05-15 10:00:00,101823.4,101874.33,101630.3,101752.48,101.71025
2025-05-15 10:15:00,101752.48,101930.58,101724.49,101906.34,143.25003
2025-05-15 10:30:00,101906.34,101906.35,101626.08,101673.43,105.71553
2025-05-15 10:45:00,101673.42,101840.96,101600.0,101804.74,143.50844
2025-05-15 11:00:00,101804.75,102152.31,101790.2,102076.12,163.7092
2025-05-15 11:15:00,102076.11,102336.0,102053.79,102281.31,208.80583
2025-05-15 11:30:00,102281.3,102441.0,102195.09,102265.36,170.32973
2025-05-15 11:45:00,102265.36,102419.43,102202.97,102371.61,119.90079
2025-05-15 12:00:00,102371.62,102450.0,102271.58,102300.92,106.95912
2025-05-15 12:15:00,102300.93,102610.0,102283.22,102536.52,162.16904
2025-05-15 12:30:00,102536.51,102838.82,102428.0,102791.72,435.49053
2025-05-15 12:45:00,102791.72,102791.73,102467.46,102560.0,277.26768
2025-05-15 13:00:00,102560.01,102787.82,102501.68,102766.11,109.95243
2025-05-15 13:15:00,102766.1,102769.38,102582.21,102582.23,78.75339
2025-05-15 13:30:00,102582.22,102779.55,102105.0,102326.55,342.1049
2025-05-15 13:45:00,102326.56,102328.22,101569.84,102133.49,506.40062
2025-05-15 14:00:00,102133.49,102398.31,101787.18,102128.1,375.27029
2025-05-15 14:15:00,102128.09,102327.01,101808.01,102040.94,197.83651
2025-05-15 14:30:00,102040.94,102080.0,101584.77,101680.01,255.5331
2025-05-15 14:45:00,101680.0,101987.65,101383.07,101987.65,381.23634
2025-05-15 15:00:00,101987.64,102164.55,101931.86,102107.24,191.98918
2025-05-15 15:15:00,102107.24,102506.11,102100.0,102492.84,234.70353
2025-05-15 15:30:00,102492.84,103063.82,102444.75,103000.0,367.88613
2025-05-15 15:45:00,103000.0,103291.99,102957.48,103251.35,288.99673
2025-05-15 16:00:00,103251.36,103380.96,103090.08,103090.08,216.15733
2025-05-15 16:15:00,103090.08,103317.28,103075.83,103168.1,219.21167
2025-05-15 16:30:00,103168.09,103611.74,103026.33,103596.18,352.91591
2025-05-15 16:45:00,103596.18,103847.13,103572.0,103846.27,308.14033
2025-05-15 17:00:00,103846.28,103892.86,103650.79,103680.34,303.24722
2025-05-15 17:15:00,103680.35,104140.73,103680.35,103968.26,545.90905
2025-05-15 17:30:00,103968.25,104192.7,103886.35,104063.49,316.57689
2025-05-15 17:45:00,104063.49,104172.81,103915.03,103968.24,145.59672
2025-05-15 18:00:00,103968.24,104012.49,103725.47,103922.7,226.72344
2025-05-15 18:15:00,103922.69,103961.83,103468.02,103491.85,195.19272
2025-05-15 18:30:00,103491.85,103598.58,103127.0,103301.31,230.52064
2025-05-15 18:45:00,103301.31,103372.34,102641.54,102697.31,472.90599
2025-05-15 19:00:00,102697.31,103137.39,102632.66,103040.0,260.70978
2025-05-15 19:15:00,103040.0,103221.95,102552.35,102799.34,219.12057
2025-05-15 19:30:00,102799.34,103088.77,102789.76,103066.06,240.61233
2025-05-15 19:45:00,103066.05,103228.06,102943.5,103157.26,188.68567
2025-05-15 20:00:00,103157.26,103428.58,102936.76,102959.62,286.69899
2025-05-15 20:15:00,102959.61,103396.84,102884.6,103333.33,168.87709
2025-05-15 20:30:00,103333.33,103483.14,103222.45,103477.49,139.37505
2025-05-15 20:45:00,103477.49,103491.43,103377.74,103443.51,71.55895
2025-05-15 21:00:00,103443.51,103443.51,103120.01,103202.91,86.62448
2025-05-15 21:15:00,103202.9,103202.91,102708.46,103037.44,132.78713
2025-05-15 21:30:00,103037.45,103236.48,102842.14,103180.0,141.35163
2025-05-15 21:45:00,103180.01,103330.29,103135.54,103288.75,103.07576
2025-05-15 22:00:00,103288.75,103777.78,103254.25,103777.78,192.79525
2025-05-15 22:15:00,103777.78,103980.84,103672.16,103676.64,225.32914
2025-05-15 22:30:00,103676.64,103730.42,103627.89,103667.17,88.98284
2025-05-15 22:45:00,103667.17,103700.0,103479.69,103492.06,153.14821
2025-05-15 23:00:00,103492.06,103657.7,103365.07,103471.98,166.79575
2025-05-15 23:15:00,103471.98,103600.0,103230.76,103515.56,206.37442
2025-05-15 23:30:00,103515.56,103893.73,103515.56,103784.33,201.22345
2025-05-15 23:45:00,103784.33,103860.0,103698.05,103763.71,115.64558
2025-05-16 00:00:00,103763.71,103936.89,103655.16,103930.0,182.32657
2025-05-16 00:15:00,103930.01,103986.98,103739.1,103742.01,200.20421
2025-05-16 00:30:00,103742.0,104033.9,103742.0,103946.98,170.96889
2025-05-16 00:45:00,103946.99,103974.62,103666.66,103764.81,252.04573
2025-05-16 01:00:00,103764.82,103800.0,103500.0,103650.78,249.03192
2025-05-16 01:15:00,103650.78,103780.0,103467.91,103771.74,169.69786
2025-05-16 01:30:00,103771.74,104108.9,103764.6,104059.53,264.76443
2025-05-16 01:45:00,104059.53,104079.37,103917.64,104047.61,159.1481
2025-05-16 02:00:00,104047.6,104370.63,104047.6,104262.0,440.19887
2025-05-16 02:15:00,104262.0,104350.0,103928.8,104274.87,287.40986
2025-05-16 02:30:00,104274.87,104466.01,104145.26,104145.27,235.16633
2025-05-16 02:45:00,104145.27,104238.63,104077.66,104199.8,139.68077
2025-05-16 03:00:00,104199.8,104240.87,104055.33,104099.99,114.20916
2025-05-16 03:15:00,104099.99,104299.0,104034.49,104253.01,138.12148
2025-05-16 03:30:00,104253.01,104328.32,103988.18,104048.44,206.19583
2025-05-16 03:45:00,104048.45,104125.5,104001.58,104023.49,84.97951
2025-05-16 04:00:00,104023.49,104184.72,104022.02,104042.82,123.68993
2025-05-16 04:15:00,104042.83,104048.68,103912.32,103932.16,102.37401
2025-05-16 04:30:00,103932.17,103978.98,103818.85,103830.51,136.93863
2025-05-16 04:45:00,103830.52,103950.0,103816.6,103919.95,95.35758
2025-05-16 05:00:00,103919.96,104029.62,103919.95,103997.62,77.12206
2025-05-16 05:15:00,103997.63,104148.0,103983.15,104030.79,92.62403
2025-05-16 05:30:00,104030.78,104030.79,103833.64,104029.68,88.86538
2025-05-16 05:45:00,104029.68,104075.7,103888.88,103898.52,160.22741
2025-05-16 06:00:00,103898.52,104000.0,103860.32,103927.84,331.75192
2025-05-16 06:15:00,103927.84,104033.89,103927.84,103968.78,199.20374
2025-05-16 06:30:00,103968.78,104091.68,103945.12,104006.51,105.30705
2025-05-16 06:45:00,104006.51,104100.0,103940.87,103987.87,105.71437
2025-05-16 07:00:00,103987.87,104033.39,103856.0,103993.45,177.58248
2025-05-16 07:15:00,103993.45,104190.48,103968.78,104081.16,155.01199
2025-05-16 07:30:00,104081.15,104081.16,103809.52,103821.15,176.82942
2025-05-16 07:45:00,103821.15,103866.12,103694.18,103710.17,210.36041
2025-05-16 08:00:00,103710.17,103760.0,103464.62,103481.47,241.28066
2025-05-16 08:15:00,103481.47,103481.48,103100.49,103265.54,366.71379
2025-05-16 08:30:00,103265.55,103348.84,103170.0,103318.26,162.74176
2025-05-16 08:45:00,103318.26,103460.34,103229.44,103388.6,490.84724
2025-05-16 09:00:00,103388.6,103665.97,103388.6,103621.71,278.40741
2025-05-16 09:15:00,103621.71,103761.91,103549.69,103688.9,135.06135
2025-05-16 09:30:00,103688.89,103770.67,103601.46,103666.64,309.20982
2025-05-16 09:45:00,103666.64,103820.0,103666.64,103793.65,101.4508
2025-05-16 10:00:00,103793.65,103886.01,103635.18,103775.73,202.67845
2025-05-16 10:15:00,103775.74,103836.01,103697.2,103711.7,124.18601
2025-05-16 10:30:00,103711.7,103832.58,103711.7,103757.51,95.95496
2025-05-16 10:45:00,103757.51,103864.01,103752.41,103796.91,86.918
2025-05-16 11:00:00,103796.92,103881.46,103743.91,103773.97,106.69005
2025-05-16 11:15:00,103773.98,103900.0,103594.33,103616.7,262.89041
2025-05-16 11:30:00,103616.7,103714.27,103552.0,103558.62,100.26265
2025-05-16 11:45:00,103558.62,103685.01,103558.62,103651.71,53.28516
2025-05-16 12:00:00,103651.72,103768.51,103582.24,103720.59,90.73287
2025-05-16 12:15:00,103720.6,103720.6,103524.35,103604.05,116.37529
2025-05-16 12:30:00,103604.05,103706.2,103563.57,103599.71,92.66974
2025-05-16 12:45:00,103599.71,103663.9,103484.75,103506.07,87.91354
2025-05-16 13:00:00,103506.07,103635.0,103462.42,103615.38,71.28693
2025-05-16 13:15:00,103615.37,103645.63,103485.0,103508.99,82.88588
2025-05-16 13:30:00,103508.99,103928.59,103440.0,103739.99,428.33206
2025-05-16 13:45:00,103740.0,104099.88,103740.0,104007.98,394.02167
2025-05-16 14:00:00,104007.99,104007.99,103500.0,103614.03,354.22594
2025-05-16 14:15:00,103614.02,103966.3,103592.55,103832.0,241.16913
2025-05-16 14:30:00,103832.0,103832.0,103344.64,103344.64,198.56833
2025-05-16 14:45:00,103344.64,103634.93,103343.07,103578.7,149.60277
2025-05-16 15:00:00,103578.71,104286.0,103578.71,104099.89,576.69066
2025-05-16 15:15:00,104099.88,104149.99,103826.14,103846.41,225.75056
2025-05-16 15:30:00,103846.41,104079.36,103816.72,104005.67,236.87821
2025-05-16 15:45:00,104005.67,104183.33,103888.88,104183.33,156.67627
2025-05-16 16:00:00,104183.32,104550.33,104181.84,104301.99,613.94243
2025-05-16 16:15:00,104301.99,104400.0,103951.5,103951.51,310.04082
2025-05-16 16:30:00,103951.51,104065.46,103837.82,103978.1,206.09909
2025-05-16 16:45:00,103978.1,104215.99,103901.39,104145.49,98.18776
2025-05-16 17:00:00,104145.48,104264.0,104015.87,104130.26,113.5207
2025-05-16 17:15:00,104130.26,104396.28,104130.26,104273.24,124.58727
2025-05-16 17:30:00,104273.24,104308.59,103943.99,104018.83,100.33382
2025-05-16 17:45:00,104018.84,104070.61,103780.0,103867.96,91.93638
2025-05-16 18:00:00,103867.96,104065.48,103836.0,104009.52,74.99049
2025-05-16 18:15:00,104009.51,104094.9,103840.2,103861.91,86.75204
2025-05-16 18:30:00,103861.92,104033.33,103828.33,103828.34,81.24792
2025-05-16 18:45:00,103828.34,103896.52,103690.26,103691.55,177.25457
2025-05-16 19:00:00,103691.54,103840.0,103690.25,103726.05,53.89144
2025-05-16 19:15:00,103726.06,103734.68,103587.0,103680.0,88.05964
2025-05-16 19:30:00,103679.99,103840.55,103666.66,103790.65,44.06453
2025-05-16 19:45:00,103790.65,104047.62,103720.0,104032.6,87.93183
2025-05-16 20:00:00,104032.6,104032.6,103845.2,103911.41,78.92724
2025-05-16 20:15:00,103911.4,103911.41,103833.18,103880.01,31.61482
2025-05-16 20:30:00,103880.0,103880.01,103562.88,103601.32,77.60892
2025-05-16 20:45:00,103601.32,103747.95,103526.47,103692.48,97.52877
2025-05-16 21:00:00,103692.48,103791.94,103671.96,103759.89,66.18158
2025-05-16 21:15:00,103759.89,103759.89,103566.55,103566.55,36.63065
2025-05-16 21:30:00,103566.56,103753.13,103500.0,103719.8,95.58555
2025-05-16 21:45:00,103719.81,103719.81,103562.73,103612.0,50.70975
2025-05-16 22:00:00,103612.01,103613.02,103397.5,103466.0,161.49482
2025-05-16 22:15:00,103465.99,103563.99,103413.54,103462.97,59.58558
2025-05-16 22:30:00,103462.96,103483.98,103429.46,103444.37,45.9206
2025-05-16 22:45:00,103444.36,103545.15,103407.51,103521.96,77.55849
2025-05-16 23:00:00,103521.96,103675.19,103512.43,103660.0,62.34842
2025-05-16 23:15:00,103660.0,103690.18,103540.0,103619.05,45.71694
2025-05-16 23:30:00,103619.05,103640.0,103520.53,103520.64,34.46152
2025-05-16 23:45:00,103520.64,103537.52,103420.92,103463.9,53.69756
2025-05-17 00:00:00,103463.9,103537.0,103400.0,103536.99,108.40705
2025-05-17 00:15:00,103536.99,103539.69,103288.0,103295.73,180.52387
2025-05-17 00:30:00,103295.72,103380.96,103100.0,103190.0,291.24532
2025-05-17 00:45:00,103189.99,103428.58,103150.0,103360.01,163.09588
2025-05-17 01:00:00,103360.0,103360.01,102900.0,102912.79,345.36171
2025-05-17 01:15:00,102912.78,102991.39,102704.0,102984.71,218.01409
2025-05-17 01:30:00,102984.71,103016.02,102789.75,102958.49,127.23232
2025-05-17 01:45:00,102958.5,102958.5,102612.5,102829.57,211.18607
2025-05-17 02:00:00,102829.58,103056.73,102771.42,102771.43,276.51726
2025-05-17 02:15:00,102771.42,103222.23,102747.44,103155.87,126.99301
2025-05-17 02:30:00,103155.87,103317.47,103155.87,103260.72,143.72462
2025-05-17 02:45:00,103260.72,103357.6,103169.01,103286.01,103.15992
2025-05-17 03:00:00,103286.01,103356.66,103198.3,103239.99,63.05061
2025-05-17 03:15:00,103239.99,103293.08,103173.85,103293.08,187.96541
2025-05-17 03:30:00,103293.07,103511.0,103227.99,103475.95,223.80983
2025-05-17 03:45:00,103475.94,103600.0,103437.95,103508.48,88.55231
2025-05-17 04:00:00,103508.48,103596.0,103476.19,103515.19,82.89431
2025-05-17 04:15:00,103515.18,103657.94,103504.83,103606.91,105.32401
2025-05-17 04:30:00,103606.92,103664.0,103579.29,103579.29,54.27769
2025-05-17 04:45:00,103579.29,103666.67,103484.9,103658.05,93.99213
2025-05-17 05:00:00,103658.05,103709.86,103576.13,103579.58,66.63445
2025-05-17 05:15:00,103579.59,103600.0,103518.58,103543.57,55.64137
2025-05-17 05:30:00,103543.58,103595.82,103504.19,103530.68,33.93379
2025-05-17 05:45:00,103530.67,103530.68,103328.12,103342.79,68.37647
2025-05-17 06:00:00,103342.79,103495.0,103342.78,103494.99,41.68233
2025-05-17 06:15:00,103495.0,103495.0,103328.24,103328.24,41.88509
2025-05-17 06:30:00,103328.24,103478.5,103285.71,103478.5,207.49645
2025-05-17 06:45:00,103478.49,103500.0,103408.1,103487.95,122.7612
2025-05-17 07:00:00,103487.96,103552.94,103454.83,103552.93,131.24324
2025-05-17 07:15:00,103552.93,103640.14,103487.02,103609.99,69.62453
2025-05-17 07:30:00,103609.99,103629.05,103480.0,103480.0,67.32786
2025-05-17 07:45:00,103480.0,103480.01,103435.08,103451.14,75.83231
2025-05-17 08:00:00,103451.13,103458.83,103321.42,103352.56,114.76477
2025-05-17 08:15:00,103352.57,103460.22,103120.0,103455.09,371.25447
2025-05-17 08:30:00,103455.1,103568.58,103450.42,103474.92,96.04614
2025-05-17 08:45:00,103474.92,103486.17,103400.77,103426.06,103.14119
2025-05-17 09:00:00,103426.06,103549.92,103134.52,103165.51,161.41853
2025-05-17 09:15:00,103165.5,103174.99,102850.0,102876.52,213.647
2025-05-17 09:30:00,102876.52,103063.5,102851.99,102890.92,488.92459
2025-05-17 09:45:00,102890.92,102992.05,102808.6,102896.59,338.57712
2025-05-17 10:00:00,102896.59,103045.56,102834.58,103019.73,151.67199
2025-05-17 10:15:00,103019.73,103039.08,102946.7,103002.09,79.18847
2025-05-17 10:30:00,103002.09,103027.55,102822.64,102849.45,178.50817
2025-05-17 10:45:00,102849.45,102955.36,102841.79,102873.74,48.13889
2025-05-17 11:00:00,102873.74,102943.98,102767.24,102767.25,61.85797
2025-05-17 11:15:00,102767.24,102862.57,102753.67,102807.25,100.89463
2025-05-17 11:30:00,102807.25,103009.1,102802.97,103000.77,111.89062
2025-05-17 11:45:00,103000.78,103099.84,102968.25,102994.17,100.37699
2025-05-17 12:00:00,102994.18,103066.43,102908.76,102916.64,106.05428
2025-05-17 12:15:00,102916.64,103031.75,102892.38,102993.16,65.41056
2025-05-17 12:30:00,102993.16,103026.0,102921.35,102979.47,64.10674
2025-05-17 12:45:00,102979.47,102979.48,102900.0,102927.57,51.87819
2025-05-17 13:00:00,102927.58,103082.14,102820.0,103070.08,178.48422
2025-05-17 13:15:00,103070.08,103103.47,102869.56,102932.35,78.92707
2025-05-17 13:30:00,102932.35,102951.47,102791.32,102804.39,61.62585
2025-05-17 13:45:00,102804.4,102804.4,102640.02,102713.34,127.67555
2025-05-17 14:00:00,102713.33,102919.94,102707.72,102919.93,79.00224
2025-05-17 14:15:00,102919.93,103045.44,102896.11,103027.41,57.32593
2025-05-17 14:30:00,103027.41,103089.3,102979.06,103050.33,59.16811
2025-05-17 14:45:00,103050.33,103180.0,103050.33,103124.8,86.14816
2025-05-17 15:00:00,103124.8,103156.8,103000.0,103073.6,49.27064
2025-05-17 15:15:00,103073.6,103179.51,102973.31,103091.49,95.62576
2025-05-17 15:30:00,103091.49,103110.49,103056.92,103056.92,56.12642
2025-05-17 15:45:00,103056.92,103056.93,102936.0,102939.53,55.83763
2025-05-17 16:00:00,102939.52,103043.39,102909.06,102962.59,74.46443
2025-05-17 16:15:00,102962.58,103106.07,102913.04,103000.0,80.08839
2025-05-17 16:30:00,103000.0,103009.68,102764.0,102878.94,124.64038
2025-05-17 16:45:00,102878.93,102938.32,102761.9,102938.32,65.28019
2025-05-17 17:00:00,102938.32,103171.64,102928.8,103130.44,80.99927
2025-05-17 17:15:00,103130.44,103258.98,103040.0,103229.7,119.5314
2025-05-17 17:30:00,103229.7,103292.88,103168.01,103200.15,60.6492
2025-05-17 17:45:00,103200.14,103219.25,103130.43,103130.43,51.02261
2025-05-17 18:00:00,103130.43,103350.0,103085.31,103219.38,189.22269
2025-05-17 18:15:00,103219.38,103278.02,103047.1,103201.37,86.44661
2025-05-17 18:30:00,103201.36,103201.37,102999.99,103082.0,70.82725
2025-05-17 18:45:00,103082.01,103082.01,102956.52,102987.2,41.10321
2025-05-17 19:00:00,102987.21,103086.96,102928.3,103086.95,33.82306
2025-05-17 19:15:00,103086.95,103106.41,103047.99,103047.99,74.96829
2025-05-17 19:30:00,103048.0,103189.96,103011.38,103189.95,77.11506
2025-05-17 19:45:00,103189.96,103204.07,103127.56,103158.6,57.78486
2025-05-17 20:00:00,103158.6,103204.07,103081.71,103098.04,72.84014
2025-05-17 20:15:00,103098.04,103186.56,103086.95,103173.92,87.43675
2025-05-17 20:30:00,103173.92,103238.1,103173.92,103231.41,31.87948
2025-05-17 20:45:00,103231.41,103433.78,103201.02,103372.04,93.85587
2025-05-17 21:00:00,103372.03,103477.87,103286.03,103402.44,100.29913
2025-05-17 21:15:00,103402.45,103411.98,103167.16,103199.91,427.62478
2025-05-17 21:30:00,103199.91,103304.35,103141.58,103220.41,224.99408
2025-05-17 21:45:00,103220.4,103300.0,103121.62,103243.69,169.56365
2025-05-17 22:00:00,103243.68,103243.68,102923.03,103000.68,165.48375
2025-05-17 22:15:00,103000.68,103020.0,102934.19,102934.19,75.78264
2025-05-17 22:30:00,102934.19,103050.0,102900.72,103019.25,99.53846
2025-05-17 22:45:00,103019.25,103100.0,103000.0,103031.03,62.13321
2025-05-17 23:00:00,103031.03,103165.81,102950.23,103159.83,59.74838
2025-05-17 23:15:00,103159.83,103200.0,103095.64,103162.95,43.28619
2025-05-17 23:30:00,103162.95,103212.0,103120.77,103152.46,33.39265
2025-05-17 23:45:00,103152.45,103201.39,103107.7,103126.65,44.33476
2025-05-18 00:00:00,103126.65,103227.99,103105.33,103217.39,73.82175
2025-05-18 00:15:00,103217.39,103318.36,103105.09,103260.87,84.06878
2025-05-18 00:30:00,103260.87,103333.34,103177.0,103273.75,57.20965
2025-05-18 00:45:00,103273.76,103409.98,103261.44,103382.8,89.78805
2025-05-18 01:00:00,103382.81,103405.12,103250.0,103279.05,52.72789
2025-05-18 01:15:00,103279.05,103326.73,103200.0,103220.25,39.11355
2025-05-18 01:30:00,103220.25,103267.93,103178.05,103178.06,31.52018
2025-05-18 01:45:00,103178.06,103299.33,103134.49,103251.49,59.20613
2025-05-18 02:00:00,103251.49,103320.0,103240.69,103319.99,33.78115
2025-05-18 02:15:00,103319.99,103324.0,103282.0,103292.12,35.80616
2025-05-18 02:30:00,103292.12,103304.35,103260.86,103291.23,39.2896
2025-05-18 02:45:00,103291.23,103360.01,103291.23,103346.7,70.60944
2025-05-18 03:00:00,103346.7,103390.45,103212.59,103228.69,113.93267
2025-05-18 03:15:00,103228.69,103228.69,103140.32,103140.32,45.4267
2025-05-18 03:30:00,103140.32,103317.17,103140.32,103301.15,66.19331
2025-05-18 03:45:00,103301.15,103304.35,103260.86,103295.7,21.47019
2025-05-18 04:00:00,103295.7,103318.3,103295.69,103307.63,25.93703
2025-05-18 04:15:00,103307.63,103308.62,103307.63,103308.6,14.98384
2025-05-18 04:30:00,103308.6,103428.58,103308.6,103414.32,52.83869
2025-05-18 04:45:00,103414.32,103433.78,103311.69,103355.01,54.68348
2025-05-18 05:00:00,103355.01,103429.67,103355.01,103413.49,58.51503
2025-05-18 05:15:00,103413.49,103480.0,103413.49,103445.73,88.6412
2025-05-18 05:30:00,103445.74,103503.31,103420.15,103490.64,95.54982
2025-05-18 05:45:00,103490.64,103685.03,103490.64,103648.2,187.4925
2025-05-18 06:00:00,103648.2,103679.02,103553.13,103605.79,107.76726
2025-05-18 06:15:00,103605.78,103630.46,103492.64,103509.99,93.71284
2025-05-18 06:30:00,103509.99,103510.0,103368.36,103478.26,98.93604
2025-05-18 06:45:00,103478.26,103478.27,103380.2,103476.19,73.50118
2025-05-18 07:00:00,103476.2,103529.2,103443.45,103529.19,58.91626
2025-05-18 07:15:00,103529.19,103600.0,103529.19,103599.42,39.77508
2025-05-18 07:30:00,103599.42,103621.59,103548.15,103621.58,48.00195
2025-05-18 07:45:00,103621.58,103988.0,103601.66,103919.39,315.42853
2025-05-18 08:00:00,103919.39,104088.2,103879.64,103902.07,310.53782
2025-05-18 08:15:00,103902.07,104005.88,103819.43,103979.4,209.69838
2025-05-18 08:30:00,103979.39,103988.36,103855.02,103862.74,96.44681
2025-05-18 08:45:00,103862.74,103979.99,103862.74,103912.82,62.91237
2025-05-18 09:00:00,103912.82,103999.99,103912.82,103999.99,126.77608
2025-05-18 09:15:00,103999.99,104022.0,103906.28,103968.88,100.71929
2025-05-18 09:30:00,103968.87,103996.82,103860.21,103860.57,66.14791
2025-05-18 09:45:00,103860.58,103886.0,103845.23,103868.48,58.59293
2025-05-18 10:00:00,103868.48,103919.9,103864.42,103919.9,61.19437
2025-05-18 10:15:00,103919.89,103935.4,103806.68,103806.69,60.52598
2025-05-18 10:30:00,103806.68,103851.1,103800.0,103833.74,71.41129
2025-05-18 10:45:00,103833.75,103856.81,103833.74,103856.81,68.25431
2025-05-18 11:00:00,103856.8,103899.68,103848.86,103853.69,73.50352
2025-05-18 11:15:00,103853.69,103959.01,103851.54,103906.81,66.83363
2025-05-18 11:30:00,103906.81,103998.98,103835.0,103835.0,80.43295
2025-05-18 11:45:00,103835.0,103844.34,103800.0,103800.54,60.16859
2025-05-18 12:00:00,103800.55,103817.09,103701.4,103754.32,101.14632
2025-05-18 12:15:00,103754.32,103877.89,103754.32,103865.78,59.40684
2025-05-18 12:30:00,103865.79,103904.67,103865.78,103865.78,25.35689
2025-05-18 12:45:00,103865.78,103939.66,103865.78,103939.65,56.94222
2025-05-18 13:00:00,103939.65,103951.01,103900.02,103913.04,38.5633
2025-05-18 13:15:00,103913.05,103932.7,103902.01,103902.02,43.63687
2025-05-18 13:30:00,103902.01,104530.0,103902.01,104459.99,687.27708
2025-05-18 13:45:00,104460.0,104800.0,104272.58,104740.0,515.27645
2025-05-18 14:00:00,104740.0,104855.92,104556.32,104556.32,353.72068
2025-05-18 14:15:00,104556.32,104910.0,104556.32,104799.99,267.98042
2025-05-18 14:30:00,104799.99,105250.0,104799.99,105200.0,688.32148
2025-05-18 14:45:00,105199.99,105548.0,105199.99,105270.97,749.08225
2025-05-18 15:00:00,105270.98,105334.09,104970.03,105161.17,459.43553
2025-05-18 15:15:00,105161.16,105538.3,105091.75,105336.09,401.61102
2025-05-18 15:30:00,105336.08,105476.2,105259.53,105457.84,156.88554
2025-05-18 15:45:00,105457.83,105680.0,105375.5,105518.0,377.86093
2025-05-18 16:00:00,105518.0,105644.59,105400.0,105427.78,200.60786
2025-05-18 16:15:00,105427.78,105532.46,105161.19,105466.57,206.92263
2025-05-18 16:30:00,105466.58,105523.81,105360.0,105509.45,184.21918
2025-05-18 16:45:00,105509.45,105980.0,105407.77,105822.22,627.12603
2025-05-18 17:00:00,105822.22,105900.0,105600.0,105818.62,293.55477
2025-05-18 17:15:00,105818.63,105871.41,105411.2,105550.0,319.66116
2025-05-18 17:30:00,105550.0,105696.99,105261.7,105516.21,404.57086
2025-05-18 17:45:00,105516.22,105520.0,104836.66,104836.67,264.43374
2025-05-18 18:00:00,104836.66,104923.17,103988.0,104317.41,781.73696
2025-05-18 18:15:00,104317.41,104685.38,104059.78,104685.38,335.64008
2025-05-18 18:30:00,104685.37,104779.32,104520.0,104585.88,450.53737
2025-05-18 18:45:00,104585.35,104743.71,104357.03,104498.0,251.35276
2025-05-18 19:00:00,104498.01,104659.7,104440.21,104654.71,314.01576
2025-05-18 19:15:00,104654.7,104761.9,104460.0,104544.2,188.67205
2025-05-18 19:30:00,104544.19,104544.2,104150.0,104253.32,236.54484
2025-05-18 19:45:00,104253.31,104295.17,103851.01,103883.97,335.75944
2025-05-18 20:00:00,103883.98,103883.98,103285.71,103668.26,1204.10854
2025-05-18 20:15:00,103668.27,103975.5,103652.17,103931.18,283.90899
2025-05-18 20:30:00,103931.19,104142.67,103879.33,104142.66,201.42833
2025-05-18 20:45:00,104142.67,104240.0,104009.78,104053.05,114.06988
2025-05-18 21:00:00,104053.05,104293.44,104053.04,104221.83,165.77911
2025-05-18 21:15:00,104221.83,104377.84,104181.01,104302.03,114.83024
2025-05-18 21:30:00,104302.04,104601.14,104170.64,104468.58,247.65654
2025-05-18 21:45:00,104468.59,104558.39,104106.22,104180.38,162.71991
2025-05-18 22:00:00,104180.37,104280.05,103963.63,104089.12,251.93453
2025-05-18 22:15:00,104089.12,105065.49,104001.09,105051.87,240.03887
2025-05-18 22:30:00,105051.87,105400.0,104932.16,105227.94,328.18221
2025-05-18 22:45:00,105227.94,105979.99,105186.32,105928.1,633.21913
2025-05-18 23:00:00,105928.11,105970.98,105559.94,105727.99,841.87754
2025-05-18 23:15:00,105727.99,105879.99,105460.0,105879.99,684.30365
2025-05-18 23:30:00,105879.98,105879.98,105624.89,105779.99,690.59319
2025-05-18 23:45:00,105779.99,106660.0,105709.59,106454.26,1154.67513
2025-05-19 00:00:00,106454.27,107108.62,106324.22,106542.32,1034.04847
2025-05-19 00:15:00,106542.32,106691.24,106106.13,106109.5,654.62895
2025-05-19 00:30:00,106109.5,106170.86,105390.22,105521.73,414.54575
2025-05-19 00:45:00,105521.74,105521.74,105165.44,105260.88,388.8938
2025-05-19 01:00:00,105260.88,105416.67,104913.04,105059.92,352.99276
2025-05-19 01:15:00,105059.91,105217.4,104742.53,105077.7,316.61337
2025-05-19 01:30:00,105077.69,105279.57,104846.88,104965.84,188.94265
2025-05-19 01:45:00,104965.83,105192.06,104917.51,105059.97,122.18383
2025-05-19 02:00:00,105059.97,105192.17,104569.55,104590.02,315.02333
2025-05-19 02:15:00,104590.01,104900.27,104569.0,104893.21,181.34729
2025-05-19 02:30:00,104893.21,105069.01,104800.01,104800.02,364.54962
2025-05-19 02:45:00,104800.01,104877.8,104580.0,104645.15,203.04691
2025-05-19 03:00:00,104645.15,104645.15,104166.43,104166.44,259.48594
2025-05-19 03:15:00,104166.44,104331.86,104100.0,104217.39,210.82316
2025-05-19 03:30:00,104217.4,104247.47,103818.0,103819.28,348.86657
2025-05-19 03:45:00,103819.09,103973.67,103534.47,103605.88,474.4217
2025-05-19 04:00:00,103605.9,103779.99,102923.59,103670.11,1050.54701
2025-05-19 04:15:00,103670.11,103670.11,103207.02,103310.16,365.02447
2025-05-19 04:30:00,103310.17,103534.19,103037.89,103280.6,406.40814
2025-05-19 04:45:00,103280.6,103284.96,102789.0,103002.07,605.07572
2025-05-19 05:00:00,103002.07,103073.82,102641.0,102986.79,398.30192
2025-05-19 05:15:00,102986.79,102986.79,102654.0,102725.0,469.21362
2025-05-19 05:30:00,102725.0,103118.57,102513.87,103042.63,786.15
2025-05-19 05:45:00,103042.64,103053.16,102842.75,103032.01,383.0237
2025-05-19 06:00:00,103032.0,103195.67,102832.53,103110.92,405.32349
2025-05-19 06:15:00,103110.91,103110.91,102600.0,102628.73,298.53671
2025-05-19 06:30:00,102628.73,102633.3,102000.0,102406.44,1199.24361
2025-05-19 06:45:00,102406.45,102517.98,102208.0,102208.0,397.29836
2025-05-19 07:00:00,102208.01,102687.93,102173.91,102608.7,379.43939
2025-05-19 07:15:00,102608.69,102888.9,102571.42,102820.03,257.80888
2025-05-19 07:30:00,102820.02,103167.43,102814.13,103164.9,167.24097
2025-05-19 07:45:00,103164.9,103356.8,103164.89,103226.29,330.40169
2025-05-19 08:00:00,103226.29,103271.83,102976.45,103149.87,216.85993
2025-05-19 08:15:00,103149.86,103357.6,103100.0,103250.95,179.99755
2025-05-19 08:30:00,103250.95,103250.95,102920.57,102980.55,165.49141
2025-05-19 08:45:00,102980.55,103242.28,102956.52,103233.9,147.80485
2025-05-19 09:00:00,103233.9,103425.53,102999.99,103164.85,470.22262
2025-05-19 09:15:00,103164.85,103277.44,103104.75,103239.99,158.7297
2025-05-19 09:30:00,103239.99,103304.35,103156.0,103252.01,88.34847
2025-05-19 09:45:00,103252.0,103252.01,103020.0,103061.61,85.12081
2025-05-19 10:00:00,103061.62,103087.6,102853.81,102882.33,168.27046
2025-05-19 10:15:00,102882.33,103090.07,102869.57,103043.49,206.72786
2025-05-19 10:30:00,103043.5,103073.55,102945.45,102956.52,180.26105
2025-05-19 10:45:00,102956.53,103072.36,102884.24,102915.5,85.13518
2025-05-19 11:00:00,102915.5,103016.7,102782.6,102869.57,123.57266
2025-05-19 11:15:00,102869.56,103067.83,102850.4,103047.91,204.25897
2025-05-19 11:30:00,103047.91,103056.62,102921.62,103039.48,133.37874
2025-05-19 11:45:00,103039.48,103066.46,102959.25,102963.41,69.1589
2025-05-19 12:00:00,102963.4,102963.41,102658.99,102662.61,245.41899
2025-05-19 12:15:00,102662.6,102662.61,102443.3,102608.7,195.86741
2025-05-19 12:30:00,102608.69,102636.8,102126.16,102393.55,433.80681
2025-05-19 12:45:00,102393.55,102479.95,102270.55,102479.95,177.69297
2025-05-19 13:00:00,102479.94,102590.01,102340.0,102345.36,170.37886
2025-05-19 13:15:00,102345.36,102565.22,102321.83,102523.81,108.69686
2025-05-19 13:30:00,102523.81,103032.47,102391.97,103032.46,541.32372
2025-05-19 13:45:00,103032.47,103527.89,103015.24,103294.11,734.22506
2025-05-19 14:00:00,103294.11,103591.78,103181.67,103478.26,524.54145
2025-05-19 14:15:00,103478.26,103755.52,103320.76,103414.51,365.52075
2025-05-19 14:30:00,103414.51,103870.13,103414.51,103727.13,259.38345
2025-05-19 14:45:00,103727.14,104369.0,103727.14,104328.11,477.74564
2025-05-19 15:00:00,104328.11,104600.0,104266.14,104574.99,394.04711
2025-05-19 15:15:00,104574.99,104687.41,104366.75,104457.87,527.53383
2025-05-19 15:30:00,104457.87,104950.0,104424.29,104869.56,569.01825
2025-05-19 15:45:00,104869.57,104968.75,104717.93,104786.41,346.62987
2025-05-19 16:00:00,104786.42,104897.32,104491.53,104586.78,407.27116
2025-05-19 16:15:00,104586.78,105108.01,104577.53,105108.01,515.19861
2025-05-19 16:30:00,105108.0,105115.42,104754.58,104952.81,240.39278
2025-05-19 16:45:00,104952.8,105435.49,104912.2,105356.44,337.41471
2025-05-19 17:00:00,105356.43,105550.01,105027.63,105045.45,445.5923
2025-05-19 17:15:00,105045.45,105399.99,104940.77,105233.52,351.16375
2025-05-19 17:30:00,105233.52,105364.22,105018.49,105281.42,318.28306
2025-05-19 17:45:00,105281.42,105453.39,105210.17,105380.95,168.53532
2025-05-19 18:00:00,105380.96,105561.76,105218.12,105304.61,199.20859
2025-05-19 18:15:00,105304.6,105369.73,105056.1,105155.07,173.2997
2025-05-19 18:30:00,105155.07,105155.07,104721.98,104956.52,418.78587
2025-05-19 18:45:00,104956.53,105015.76,104703.66,104778.98,145.88812
2025-05-19 19:00:00,104778.99,104923.99,104633.55,104877.71,130.60321
2025-05-19 19:15:00,104877.71,105065.09,104836.42,104908.77,212.67245
2025-05-19 19:30:00,104908.77,105493.49,104908.76,105459.34,250.13838
2025-05-19 19:45:00,105459.33,105549.99,105390.78,105517.7,188.90766
2025-05-19 20:00:00,105517.64,105788.87,105375.23,105397.32,324.05662
2025-05-19 20:15:00,105397.32,105760.14,105397.32,105723.0,127.37833
2025-05-19 20:30:00,105723.0,105723.0,105344.09,105392.23,124.84215
2025-05-19 20:45:00,105392.23,105485.87,105321.54,105468.0,107.20067
2025-05-19 21:00:00,105468.0,105514.79,105317.92,105426.39,92.2227
2025-05-19 21:15:00,105426.39,105459.99,105016.27,105028.81,116.48263
2025-05-19 21:30:00,105028.81,105264.33,105028.8,105264.33,351.06665
2025-05-19 21:45:00,105264.32,105504.56,105264.32,105474.67,208.93728
2025-05-19 22:00:00,105474.67,105572.66,105392.51,105447.53,357.24408
2025-05-19 22:15:00,105447.54,105447.54,105182.86,105207.67,424.38317
2025-05-19 22:30:00,105207.67,105398.71,105203.93,105390.0,482.66268
2025-05-19 22:45:00,105389.99,105644.41,105389.99,105549.92,105.33555
2025-05-19 23:00:00,105549.92,105829.99,105549.92,105677.64,194.05662
2025-05-19 23:15:00,105677.65,105706.1,105464.47,105466.14,77.5371
2025-05-19 23:30:00,105466.14,105621.52,105455.57,105603.53,100.84067
2025-05-19 23:45:00,105603.54,105680.35,105551.15,105573.74,77.8107
2025-05-20 00:00:00,105573.73,106000.0,105554.31,105999.99,319.26205
2025-05-20 00:15:00,105999.99,106569.99,105636.36,105643.99,1064.1942
2025-05-20 00:30:00,105643.99,106159.81,105580.97,105914.47,321.08472
2025-05-20 00:45:00,105914.47,105987.48,105670.46,105727.27,195.19939
2025-05-20 01:00:00,105727.27,106110.72,105701.46,105815.19,193.40522
2025-05-20 01:15:00,105815.19,106269.54,105727.27,106109.97,484.69867
2025-05-20 01:30:00,106109.96,106621.21,106105.65,106352.1,379.63238
2025-05-20 01:45:00,106352.1,106789.58,106227.27,106450.0,348.5614
2025-05-20 02:00:00,106450.01,106789.58,106440.0,106649.89,227.68366
2025-05-20 02:15:00,106649.9,106853.27,106438.58,106461.75,254.94121
2025-05-20 02:30:00,106461.75,106526.27,106230.76,106230.77,370.50041
2025-05-20 02:45:00,106230.76,106269.21,106000.0,106099.99,315.52201
2025-05-20 03:00:00,106100.0,106180.75,105922.66,105927.0,230.41995
2025-05-20 03:15:00,105927.0,106172.29,105863.63,106097.61,639.49081
2025-05-20 03:30:00,106097.61,106097.62,105686.73,105723.14,272.49163
2025-05-20 03:45:00,105723.15,105780.0,105533.01,105761.92,133.46556
2025-05-20 04:00:00,105761.92,105804.65,105545.45,105604.98,90.89049
2025-05-20 04:15:00,105604.98,105700.0,105545.45,105571.66,69.10442
2025-05-20 04:30:00,105571.65,105776.72,105545.45,105719.38,110.98831
2025-05-20 04:45:00,105719.38,106250.0,105719.37,106219.99,274.72669
2025-05-20 05:00:00,106220.0,106391.78,106067.36,106340.47,183.88559
2025-05-20 05:15:00,106340.47,106399.0,106276.64,106336.02,125.90036
2025-05-20 05:30:00,106336.02,106347.29,106085.17,106105.99,189.02941
2025-05-20 05:45:00,106106.0,106227.28,106079.27,106105.26,85.74828
2025-05-20 06:00:00,106105.26,106219.99,105831.58,105836.88,128.67437
2025-05-20 06:15:00,105836.87,105836.87,105381.02,105486.74,260.2158
2025-05-20 06:30:00,105486.74,105567.01,105432.06,105511.08,159.69337
2025-05-20 06:45:00,105511.09,105650.0,105454.54,105454.54,86.90289
2025-05-20 07:00:00,105454.55,105750.26,105237.09,105686.01,357.72681
2025-05-20 07:15:00,105686.01,105718.81,105460.84,105540.0,163.92784
2025-05-20 07:30:00,105540.0,105577.24,105081.33,105099.75,351.18838
2025-05-20 07:45:00,105099.75,105137.78,104928.44,105021.71,396.95033
2025-05-20 08:00:00,105021.7,105229.64,104899.92,104944.51,192.79055
2025-05-20 08:15:00,104944.5,105095.24,104885.5,104895.25,137.99038
2025-05-20 08:30:00,104895.24,105181.82,104847.16,105154.45,156.94246
2025-05-20 08:45:00,105154.46,105249.11,105124.82,105223.01,188.2168
2025-05-20 09:00:00,105223.0,105321.0,105186.31,105271.84,145.25481
2025-05-20 09:15:00,105271.83,105331.0,105243.49,105317.43,211.59849
2025-05-20 09:30:00,105317.43,105366.93,105317.42,105359.2,140.42085
2025-05-20 09:45:00,105359.21,105390.13,105258.57,105285.72,84.55997
2025-05-20 10:00:00,105285.72,105416.66,105181.81,105235.05,142.59411
2025-05-20 10:15:00,105235.05,105346.63,105110.27,105252.01,171.59067
2025-05-20 10:30:00,105252.01,105252.01,105029.88,105173.68,178.66914
2025-05-20 10:45:00,105173.68,105204.0,105022.72,105030.65,90.77393
2025-05-20 11:00:00,105030.65,105043.61,104956.52,105024.0,115.5822
2025-05-20 11:15:00,105023.99,105164.85,104913.04,105136.54,126.84371
2025-05-20 11:30:00,105136.54,105348.67,105136.54,105329.56,146.72826
2025-05-20 11:45:00,105329.56,105329.56,105168.34,105203.76,95.98609
2025-05-20 12:00:00,105203.75,105203.76,105006.1,105030.55,108.18557
2025-05-20 12:15:00,105030.54,105070.82,104817.27,104821.09,167.06665
2025-05-20 12:30:00,104821.09,104848.85,104653.39,104738.09,186.69477
2025-05-20 12:45:00,104738.09,104845.78,104686.04,104780.0,159.90617
2025-05-20 13:00:00,104780.01,104869.57,104588.8,104588.81,174.88081
2025-05-20 13:15:00,104588.8,104812.56,104583.28,104614.96,208.52264
2025-05-20 13:30:00,104614.97,104630.0,104206.0,104243.61,645.10089
2025-05-20 13:45:00,104243.61,104593.88,104184.72,104448.04,411.86506
2025-05-20 14:00:00,104448.04,104639.99,104304.34,104500.0,268.7072
2025-05-20 14:15:00,104499.99,104995.43,104478.26,104700.02,380.37773
2025-05-20 14:30:00,104700.02,104806.04,104512.65,104768.75,233.87487
2025-05-20 14:45:00,104768.76,104952.39,104519.84,104519.84,171.41242
2025-05-20 15:00:00,104519.84,104800.0,104482.68,104800.0,146.99277
2025-05-20 15:15:00,104800.0,105095.24,104645.28,105080.13,157.32357
2025-05-20 15:30:00,105080.14,105329.88,105029.36,105119.99,226.85054
2025-05-20 15:45:00,105119.99,105391.27,105117.54,105333.68,151.94028
2025-05-20 16:00:00,105333.67,105480.0,105090.9,105151.48,179.06059
2025-05-20 16:15:00,105151.48,105523.81,105114.01,105253.49,249.79134
2025-05-20 16:30:00,105253.49,105471.21,105253.47,105364.98,83.03883
2025-05-20 16:45:00,105364.98,105414.08,105182.78,105212.49,87.36488
2025-05-20 17:00:00,105212.49,106176.54,105212.49,106103.86,717.51287
2025-05-20 17:15:00,106103.87,106171.91,105961.86,106128.05,328.12467
2025-05-20 17:30:00,106128.05,106207.5,106000.0,106206.31,192.55759
2025-05-20 17:45:00,106206.32,106336.37,106163.71,106200.31,293.79662
2025-05-20 18:00:00,106200.32,106419.19,106099.58,106273.79,194.89852
2025-05-20 18:15:00,106273.79,106328.04,105744.44,105772.73,229.59173
2025-05-20 18:30:00,105772.73,106069.39,105600.0,105651.28,279.69784
2025-05-20 18:45:00,105651.28,105705.41,105234.04,105285.54,251.51195
2025-05-20 19:00:00,105285.53,105859.78,105220.0,105844.93,225.88397
2025-05-20 19:15:00,105844.94,106400.01,105762.82,106309.55,284.55542
2025-05-20 19:30:00,106309.56,106650.35,106304.71,106513.56,380.16613
2025-05-20 19:45:00,106513.55,107238.37,106513.55,107026.47,1079.74658
2025-05-20 20:00:00,107026.47,107096.62,106590.9,106621.4,451.19998
2025-05-20 20:15:00,106621.4,106834.66,106407.66,106701.57,274.31335
2025-05-20 20:30:00,106701.57,106740.0,106483.75,106730.61,154.01996
2025-05-20 20:45:00,106730.61,107320.0,106730.61,106909.09,528.41934
2025-05-20 21:00:00,106909.09,107225.68,106450.92,106472.47,479.08826
2025-05-20 21:15:00,106472.48,106809.53,106318.18,106318.18,221.40018
2025-05-20 21:30:00,106318.18,106512.58,106132.09,106485.71,222.05379
2025-05-20 21:45:00,106485.71,106762.58,106485.71,106619.0,65.91981
2025-05-20 22:00:00,106619.0,106760.22,106231.12,106326.7,117.57045
2025-05-20 22:15:00,106326.69,106393.93,105935.83,106363.94,230.15383
2025-05-20 22:30:00,106363.94,106619.63,106173.59,106564.56,110.30246
2025-05-20 22:45:00,106564.56,106894.86,106491.6,106775.83,152.95719
2025-05-20 23:00:00,106775.83,106946.12,106685.82,106887.37,147.30325
2025-05-20 23:15:00,106887.36,107208.68,106887.36,106972.35,309.67915
2025-05-20 23:30:00,106972.35,107006.93,106750.33,106756.98,155.66631
2025-05-20 23:45:00,106756.81,106885.74,106637.5,106849.99,115.78494
2025-05-21 00:00:00,106850.0,107000.0,106727.27,107000.0,202.54519
2025-05-21 00:15:00,106999.99,107206.94,106572.0,106600.01,330.87546
2025-05-21 00:30:00,106600.01,106840.0,106459.8,106681.81,148.72447
2025-05-21 00:45:00,106681.81,106918.57,106644.94,106739.54,113.41484
2025-05-21 01:00:00,106739.55,107086.24,106670.19,106891.72,152.71201
2025-05-21 01:15:00,106891.72,107035.07,106682.79,106786.86,89.4844
2025-05-21 01:30:00,106786.85,106893.59,106700.78,106820.35,87.50727
2025-05-21 01:45:00,106820.35,106820.36,106426.0,106500.0,111.142
2025-05-21 02:00:00,106500.0,106545.46,106186.79,106420.24,299.23946
2025-05-21 02:15:00,106420.25,106543.58,106241.63,106493.25,139.70947
2025-05-21 02:30:00,106493.24,106809.53,106455.43,106740.76,110.02961
2025-05-21 02:45:00,106740.76,106923.07,106657.76,106859.04,90.39132
2025-05-21 03:00:00,106859.05,106944.0,106748.69,106898.6,148.54286
2025-05-21 03:15:00,106898.6,107032.55,106844.64,107009.8,153.19839
2025-05-21 03:30:00,107009.8,107090.23,106942.11,107006.35,210.20971
2025-05-21 03:45:00,107006.35,107100.0,106773.44,106843.59,196.2996
2025-05-21 04:00:00,106843.6,107009.66,106742.85,106866.08,153.09816
2025-05-21 04:15:00,106866.07,106934.5,106809.52,106823.4,98.62692
2025-05-21 04:30:00,106823.4,107700.0,106793.64,107521.4,960.4902
2025-05-21 04:45:00,107521.41,107566.57,107225.67,107287.0,303.3716
2025-05-21 05:00:00,107286.99,107636.69,107281.55,107430.13,366.56127
2025-05-21 05:15:00,107430.12,107687.0,107430.12,107538.28,376.85481
2025-05-21 05:30:00,107538.29,107718.68,107351.92,107438.01,265.88426
2025-05-21 05:45:00,107438.01,107639.89,107342.93,107542.0,185.37352
2025-05-21 06:00:00,107542.01,107620.27,107294.63,107410.0,326.17634
2025-05-21 06:15:00,107410.0,107929.06,107321.17,107865.09,434.96532
2025-05-21 06:30:00,107865.09,107985.05,107740.0,107937.73,345.30698
2025-05-21 06:45:00,107937.72,107937.73,107736.91,107751.41,228.86011
2025-05-21 07:00:00,107751.41,107855.49,107440.96,107440.97,222.66809
2025-05-21 07:15:00,107440.97,107451.06,106774.42,106991.02,496.47905
2025-05-21 07:30:00,106991.02,106991.02,106454.54,106656.45,602.96031
2025-05-21 07:45:00,106656.46,106832.0,106483.53,106527.16,423.57548
2025-05-21 08:00:00,106527.17,106797.98,106458.36,106765.34,393.26344
2025-05-21 08:15:00,106765.34,106765.35,106357.79,106472.7,271.92956
2025-05-21 08:30:00,106472.7,106537.47,106366.19,106400.7,192.7513
2025-05-21 08:45:00,106400.7,106479.0,106347.05,106372.45,164.23375
2025-05-21 09:00:00,106372.46,106523.81,106287.43,106314.91,224.05312
2025-05-21 09:15:00,106314.92,106401.67,106188.0,106342.21,162.65056
2025-05-21 09:30:00,106342.21,106342.21,106133.02,106137.52,233.19387
2025-05-21 09:45:00,106137.53,106238.1,106100.01,106200.03,176.64099
2025-05-21 10:00:00,106200.03,106450.0,106136.99,106401.22,172.66199
2025-05-21 10:15:00,106401.23,106401.23,106158.57,106267.69,152.33986
2025-05-21 10:30:00,106267.7,106392.73,106241.38,106347.54,112.76833
2025-05-21 10:45:00,106347.54,106357.7,106282.43,106328.57,113.96075
2025-05-21 11:00:00,106328.56,106502.78,106272.72,106500.82,185.97481
2025-05-21 11:15:00,106500.82,106741.71,106464.6,106679.99,222.89955
2025-05-21 11:30:00,106680.0,106685.0,106531.05,106602.61,104.89326
2025-05-21 11:45:00,106602.61,106602.61,106461.69,106546.44,97.91458
2025-05-21 12:00:00,106546.43,106549.53,106409.92,106524.19,114.08049
2025-05-21 12:15:00,106524.19,106920.21,106524.18,106840.0,354.49901
2025-05-21 12:30:00,106840.01,106840.01,106599.02,106633.56,177.78029
2025-05-21 12:45:00,106633.57,106645.89,106478.78,106573.11,143.59774
2025-05-21 13:00:00,106573.1,106659.05,106329.47,106421.49,234.69829
2025-05-21 13:15:00,106421.5,106500.0,106358.18,106459.61,128.91108
2025-05-21 13:30:00,106459.62,107200.89,106459.62,107140.18,389.42801
2025-05-21 13:45:00,107140.17,107662.08,107063.61,107244.76,439.90758
2025-05-21 14:00:00,107244.75,107539.59,107123.58,107426.62,828.89756
2025-05-21 14:15:00,107426.62,107745.3,107313.23,107342.21,843.07731
2025-05-21 14:30:00,107342.21,107800.0,107009.06,107779.85,851.76431
2025-05-21 14:45:00,107779.85,109000.0,107691.29,108999.99,2290.28713
2025-05-21 15:00:00,108999.99,109458.0,108427.09,108826.0,2061.66168
2025-05-21 15:15:00,108826.0,109320.0,108825.99,108915.0,1028.99126
2025-05-21 15:30:00,108915.0,109090.96,108332.26,108896.64,1004.1659
2025-05-21 15:45:00,108896.64,109241.11,108549.99,108973.35,813.74685
2025-05-21 16:00:00,108973.34,109130.44,108701.54,109099.99,502.56795
2025-05-21 16:15:00,109099.99,109285.72,108938.48,109117.0,503.83626
2025-05-21 16:30:00,109117.01,109678.0,109080.0,109514.76,1435.11391
2025-05-21 16:45:00,109514.76,109845.0,109131.7,109131.7,1110.37227
2025-05-21 17:00:00,109131.71,109343.01,108783.85,109052.08,512.21507
2025-05-21 17:15:00,109052.08,109086.95,106920.0,106975.9,1738.14362
2025-05-21 17:30:00,106975.91,107682.92,106500.0,106517.07,2425.40787
2025-05-21 17:45:00,106517.06,107000.0,106117.67,106592.79,1574.14891
2025-05-21 18:00:00,106592.8,107090.91,106317.0,106830.76,900.6369
2025-05-21 18:15:00,106830.76,107066.8,106485.13,106658.55,724.19997
2025-05-21 18:30:00,106658.55,107374.46,106632.56,107330.34,543.67488
2025-05-21 18:45:00,107330.33,107415.83,106885.31,106965.05,407.92052
2025-05-21 19:00:00,106965.05,107300.0,106619.68,107015.02,454.13912
2025-05-21 19:15:00,107015.02,107224.06,106777.1,107223.99,332.754
2025-05-21 19:30:00,107224.0,108434.26,107224.0,108114.22,997.1448
2025-05-21 19:45:00,108114.22,108857.19,107970.05,108603.79,795.92378
2025-05-21 20:00:00,108603.79,108739.14,108155.6,108252.69,513.69073
2025-05-21 20:15:00,108252.69,108418.33,108162.5,108195.26,214.80593
2025-05-21 20:30:00,108195.26,108252.43,107957.25,107968.58,259.5685
2025-05-21 20:45:00,107968.58,108238.1,107725.0,108238.09,250.74188
2025-05-21 21:00:00,108238.09,108458.49,107940.0,108330.0,202.35914
2025-05-21 21:15:00,108330.0,108330.01,108074.85,108074.85,290.6014
2025-05-21 21:30:00,108074.85,108470.58,108068.25,108414.69,117.51931
2025-05-21 21:45:00,108414.69,108560.34,108328.64,108414.64,165.6003
2025-05-21 22:00:00,108414.63,108563.63,108285.5,108314.54,124.89654
2025-05-21 22:15:00,108314.54,108621.24,108278.97,108621.23,125.63844
2025-05-21 22:30:00,108621.23,108976.0,108621.23,108941.0,298.27822
2025-05-21 22:45:00,108941.0,109028.25,108683.94,108739.36,240.64252
2025-05-21 23:00:00,108739.36,109379.53,108660.0,109368.43,324.54575
2025-05-21 23:15:00,109368.43,110797.38,109357.2,109752.65,3320.777345
2025-05-21 23:30:00,109752.66,110120.31,109400.0,109586.68,723.3837
2025-05-21 23:45:00,109586.69,109758.44,109336.66,109643.99,336.88812
2025-05-22 00:00:00,109643.99,110178.49,109488.04,109967.68,604.65925
2025-05-22 00:15:00,109967.68,110060.0,109688.81,109688.81,732.70942
2025-05-22 00:30:00,109688.81,109833.2,109177.37,109345.65,457.92674
2025-05-22 00:45:00,109345.65,109964.96,109332.02,109954.53,352.16912
2025-05-22 01:00:00,109954.54,110576.7,109880.31,110111.05,923.92497
2025-05-22 01:15:00,110111.04,110253.36,109813.4,109994.37,339.77943
2025-05-22 01:30:00,109994.36,110292.0,109719.52,109823.69,292.57655
2025-05-22 01:45:00,109823.69,109980.0,109667.0,109920.68,219.90848
2025-05-22 02:00:00,109920.69,110341.4,109822.58,110116.93,537.65119
2025-05-22 02:15:00,110116.94,110618.0,109973.58,110440.41,515.80248
2025-05-22 02:30:00,110440.4,110981.96,110374.21,110462.53,744.79796
2025-05-22 02:45:00,110462.52,110634.15,110308.52,110471.51,318.29659
2025-05-22 03:00:00,110471.52,110700.0,110339.87,110499.99,342.26096
2025-05-22 03:15:00,110500.0,110884.35,110428.85,110771.15,380.62167
2025-05-22 03:30:00,110771.14,111471.64,110704.42,111313.95,1003.53901
2025-05-22 03:45:00,111313.96,111880.0,111313.96,111780.84,1251.10786
2025-05-22 04:00:00,111780.84,111795.04,111316.76,111391.3,594.73679
2025-05-22 04:15:00,111391.29,111500.0,111234.4,111488.84,552.55001
2025-05-22 04:30:00,111488.84,111725.82,111295.14,111725.82,436.11648
2025-05-22 04:45:00,111725.82,111725.82,111418.98,111482.42,262.528
2025-05-22 05:00:00,111482.43,111672.32,111199.61,111330.37,450.41947
2025-05-22 05:15:00,111330.38,111484.98,111272.88,111448.99,334.25204
2025-05-22 05:30:00,111448.99,111509.12,111313.69,111426.48,688.76018
2025-05-22 05:45:00,111426.48,111519.53,110832.38,110879.99,1110.89362
2025-05-22 06:00:00,110880.0,111185.82,110843.49,111008.0,456.68053
2025-05-22 06:15:00,111008.01,111029.99,110687.57,110835.55,420.70723
2025-05-22 06:30:00,110835.54,110948.68,110632.07,110879.87,297.27565
2025-05-22 06:45:00,110879.88,110952.39,110478.26,110606.07,332.505
2025-05-22 07:00:00,110606.07,110809.53,110461.87,110809.53,244.37902
2025-05-22 07:15:00,110809.53,111068.11,110600.0,110730.93,308.41187
2025-05-22 07:30:00,110730.92,111066.43,110655.0,110880.03,250.68284
2025-05-22 07:45:00,110880.03,111139.71,110782.55,111045.45,362.50465
2025-05-22 08:00:00,111045.45,111140.0,110932.0,110999.99,216.4532
2025-05-22 08:15:00,110999.99,111162.18,110699.75,110784.22,351.37841
2025-05-22 08:30:00,110784.22,110804.15,110425.75,110549.53,294.50482
2025-05-22 08:45:00,110549.53,110648.57,110381.46,110409.09,316.15429
2025-05-22 09:00:00,110409.1,110535.28,110272.72,110429.68,347.03008
2025-05-22 09:15:00,110429.69,110680.0,110287.59,110678.65,292.22518
2025-05-22 09:30:00,110678.64,110799.99,110532.44,110645.99,204.48255
2025-05-22 09:45:00,110645.99,110840.0,110592.21,110821.3,202.77951
2025-05-22 10:00:00,110821.3,110868.48,110601.0,110727.27,180.54293
2025-05-22 10:15:00,110727.27,110952.0,110682.75,110901.83,210.205
2025-05-22 10:30:00,110901.83,110952.39,110826.1,110913.05,186.36666
2025-05-22 10:45:00,110913.05,110920.0,110705.01,110805.22,246.79884
2025-05-22 11:00:00,110805.23,110868.65,110625.47,110727.27,192.17514
2025-05-22 11:15:00,110727.28,110920.0,110502.44,110502.45,203.96071
2025-05-22 11:30:00,110502.44,110675.31,110500.0,110675.3,118.49673
2025-05-22 11:45:00,110675.31,111326.2,110666.66,110981.97,450.63383
2025-05-22 12:00:00,110981.98,111168.0,110818.18,110820.93,233.41421
2025-05-22 12:15:00,110820.94,111408.87,110804.72,111285.71,547.23773
2025-05-22 12:30:00,111285.71,111569.25,111186.05,111392.23,489.20043
2025-05-22 12:45:00,111392.23,111626.43,111382.0,111608.69,328.15894
2025-05-22 13:00:00,111608.69,111625.75,111233.37,111268.01,253.47911
2025-05-22 13:15:00,111268.0,111417.15,111114.44,111417.14,235.22535
2025-05-22 13:30:00,111417.14,111600.0,110918.01,111314.61,637.48955
2025-05-22 13:45:00,111314.61,111474.98,110904.0,110914.49,475.11791
2025-05-22 14:00:00,110914.49,111173.92,110614.9,110767.06,445.38626
2025-05-22 14:15:00,110767.06,111323.84,110708.06,111265.56,410.93672
2025-05-22 14:30:00,111265.56,111397.94,110738.93,110935.28,469.35008
2025-05-22 14:45:00,110935.29,111036.88,110550.0,110897.9,360.34433
2025-05-22 15:00:00,110897.89,111167.47,110787.8,110952.39,434.71739
2025-05-22 15:15:00,110952.38,111281.98,110840.0,111128.4,299.27668
2025-05-22 15:30:00,111128.4,111492.97,111043.47,111492.97,221.1199
2025-05-22 15:45:00,111492.98,111529.72,111189.68,111290.86,245.80559
2025-05-22 16:00:00,111290.85,111510.61,111227.27,111510.6,155.76098
2025-05-22 16:15:00,111510.61,111782.61,111252.55,111254.59,245.71409
2025-05-22 16:30:00,111254.59,111468.03,111087.25,111430.01,234.83972
2025-05-22 16:45:00,111430.01,111431.36,111128.0,111252.36,143.83843
2025-05-22 17:00:00,111252.36,111407.68,111168.03,111382.65,95.57865
2025-05-22 17:15:00,111382.65,111948.46,111351.57,111705.63,390.39774
2025-05-22 17:30:00,111705.62,111980.0,111666.66,111749.99,238.12624
2025-05-22 17:45:00,111749.98,111749.99,111379.91,111502.31,193.53311
2025-05-22 18:00:00,111502.32,111565.22,111379.22,111445.99,162.8748
2025-05-22 18:15:00,111446.0,111726.17,111446.0,111694.59,111.76282
2025-05-22 18:30:00,111694.6,111953.85,111654.61,111745.65,216.90842
2025-05-22 18:45:00,111745.64,111839.23,111681.81,111727.27,130.67221
2025-05-22 19:00:00,111727.28,111823.28,111470.58,111750.15,165.13472
2025-05-22 19:15:00,111750.15,111920.0,111666.59,111898.74,150.99199
2025-05-22 19:30:00,111898.74,111919.91,111350.0,111359.29,262.68967
2025-05-22 19:45:00,111359.29,111359.29,110916.4,111188.0,361.80911
2025-05-22 20:00:00,111188.0,111431.5,111082.69,111284.55,211.68213
2025-05-22 20:15:00,111284.55,111284.56,110986.71,111058.67,276.57904
2025-05-22 20:30:00,111058.67,111113.35,110831.52,111068.24,194.66494
2025-05-22 20:45:00,111068.23,111217.4,111000.0,111076.24,110.04626
2025-05-22 21:00:00,111076.24,111076.24,110890.01,111003.48,105.79098
2025-05-22 21:15:00,111003.48,111108.89,110765.3,110804.88,121.08161
2025-05-22 21:30:00,110804.88,111023.09,110763.78,110967.43,104.92952
2025-05-22 21:45:00,110967.44,110967.54,110763.27,110831.36,80.41149
2025-05-22 22:00:00,110831.36,111139.0,110831.36,111074.02,136.98685
2025-05-22 22:15:00,111074.02,111173.92,111028.21,111056.9,100.52695
2025-05-22 22:30:00,111056.9,111252.03,111043.7,111163.74,76.27754
2025-05-22 22:45:00,111163.74,111163.74,110980.24,111020.93,99.00487
2025-05-22 23:00:00,111020.93,111240.0,111020.92,111240.0,166.09786
2025-05-22 23:15:00,111239.99,111270.06,111136.04,111253.22,95.24899
2025-05-22 23:30:00,111253.22,111444.77,111240.61,111368.97,94.99107
2025-05-22 23:45:00,111368.98,111717.34,111349.37,111696.21,174.23721
